TF,V2,V3,V4,gene,begin,end
AP2EREBP_AT1G12630_col_a,18999591,18999792,AT2G46270,AT2G46270,-600,-399
AP2EREBP_AT1G12630_colamp_a,18999589,18999790,AT2G46270,AT2G46270,-602,-401
AP2EREBP_At1g19210_col_a,18999569,18999770,AT2G46270,AT2G46270,-622,-421
AP2EREBP_At1g19210_colamp_a,18999567,18999768,AT2G46270,AT2G46270,-624,-423
AP2EREBP_AT1G77200_colamp_a,18999191,18999392,AT2G46270,AT2G46270,-1000,-799
AP2EREBP_AT1G77200_colamp_a,18999589,18999790,AT2G46270,AT2G46270,-602,-401
AP2EREBP_AT3G16280_colamp_a,18999190,18999391,AT2G46270,AT2G46270,-1001,-800
AP2EREBP_AT3G60490_colamp_a,18999190,18999391,AT2G46270,AT2G46270,-1001,-800
AP2EREBP_At4g16750_col_a,18999190,18999391,AT2G46270,AT2G46270,-1001,-800
AP2EREBP_CBF1_colamp_a,18999594,18999795,AT2G46270,AT2G46270,-597,-396
AP2EREBP_CBF4_colamp_a,18999190,18999391,AT2G46270,AT2G46270,-1001,-800
AP2EREBP_CBF4_colamp_a,18999580,18999781,AT2G46270,AT2G46270,-611,-410
AP2EREBP_CEJ1_col_a,18999190,18999391,AT2G46270,AT2G46270,-1001,-800
AP2EREBP_CEJ1_colamp_a,18999190,18999391,AT2G46270,AT2G46270,-1001,-800
AP2EREBP_DEAR2_colamp_a,18999190,18999391,AT2G46270,AT2G46270,-1001,-800
AP2EREBP_DEAR3_colamp_a,18999189,18999390,AT2G46270,AT2G46270,-1002,-801
AP2EREBP_DREB19_colamp_a,18999191,18999392,AT2G46270,AT2G46270,-1000,-799
AP2EREBP_Rap210_col_a,18999589,18999790,AT2G46270,AT2G46270,-602,-401
AP2EREBP_Rap210_colamp_a,18999189,18999390,AT2G46270,AT2G46270,-1002,-801
ARF_ecoli_MP_col,18998839,18999040,AT2G46270,AT2G46270,-1352,-1151
ARF_ecoli_MP_col,18999192,18999393,AT2G46270,AT2G46270,-999,-798
BBRBPC_BPC1_colamp_a,19000186,19000191,AT2G46270,AT2G46270,-5,0
bHLH_bHLH10_colamp_a,18999189,18999390,AT2G46270,AT2G46270,-1002,-801
bHLH_BIM2_col_v3b,18999515,18999716,AT2G46270,AT2G46270,-676,-475
bHLH_BIM2_col_v3b,19000015,19000191,AT2G46270,AT2G46270,-176,0
bHLH_BIM2_colamp,18998828,18999029,AT2G46270,AT2G46270,-1363,-1162
bHLH_BIM2_colamp,18999515,18999716,AT2G46270,AT2G46270,-676,-475
bHLH_BIM2_colamp,18999972,19000173,AT2G46270,AT2G46270,-219,-18
bHLH_BIM2_colamp,19000070,19000191,AT2G46270,AT2G46270,-121,0
bZIP_ABF2_col_v3a,18998930,18999131,AT2G46270,AT2G46270,-1261,-1060
bZIP_ABF2_col_v3a,19000083,19000191,AT2G46270,AT2G46270,-108,0
bZIP_ABI5_col_v3h,18998829,18999030,AT2G46270,AT2G46270,-1362,-1161
bZIP_ABI5_col_v3h,18998929,18999130,AT2G46270,AT2G46270,-1262,-1061
bZIP_ABI5_col_v3h,19000071,19000191,AT2G46270,AT2G46270,-120,0
bZIP_ABI5_colamp_v3b,18998830,18999031,AT2G46270,AT2G46270,-1361,-1160
bZIP_ABI5_colamp_v3b,18998930,18999131,AT2G46270,AT2G46270,-1261,-1060
bZIP_ABI5_colamp_v3b,19000072,19000191,AT2G46270,AT2G46270,-119,0
bZIP_AREB3_col_v31,18998848,18999049,AT2G46270,AT2G46270,-1343,-1142
bZIP_AREB3_col_v31,18998929,18999130,AT2G46270,AT2G46270,-1262,-1061
bZIP_AREB3_col_v31,19000084,19000191,AT2G46270,AT2G46270,-107,0
bZIP_bZIP16_col_v3a,18998930,18999131,AT2G46270,AT2G46270,-1261,-1060
bZIP_bZIP16_col_v3a,19000083,19000191,AT2G46270,AT2G46270,-108,0
bZIP_bZIP16_colamp_a,18998929,18999130,AT2G46270,AT2G46270,-1262,-1061
bZIP_bZIP16_colamp_a,19000071,19000191,AT2G46270,AT2G46270,-120,0
bZIP_bZIP18_col_v31,19000001,19000191,AT2G46270,AT2G46270,-190,0
bZIP_bZIP18_colamp_a,19000001,19000191,AT2G46270,AT2G46270,-190,0
bZIP_bZIP28_col_a,18998928,18999129,AT2G46270,AT2G46270,-1263,-1062
bZIP_bZIP28_col_a,19000070,19000191,AT2G46270,AT2G46270,-121,0
bZIP_bZIP28_col_a,19000085,19000191,AT2G46270,AT2G46270,-106,0
bZIP_bZIP3_col_a,18998828,18999029,AT2G46270,AT2G46270,-1363,-1162
bZIP_bZIP3_col_a,18998928,18999129,AT2G46270,AT2G46270,-1263,-1062
bZIP_bZIP3_col_a,18999055,18999256,AT2G46270,AT2G46270,-1136,-935
bZIP_bZIP3_col_a,18999194,18999395,AT2G46270,AT2G46270,-997,-796
bZIP_bZIP3_col_a,19000043,19000191,AT2G46270,AT2G46270,-148,0
bZIP_bZIP3_col_a,19000070,19000191,AT2G46270,AT2G46270,-121,0
bZIP_bZIP48_colamp_a,18998828,18999029,AT2G46270,AT2G46270,-1363,-1162
bZIP_bZIP48_colamp_a,18998928,18999129,AT2G46270,AT2G46270,-1263,-1062
bZIP_bZIP48_colamp_a,18999055,18999256,AT2G46270,AT2G46270,-1136,-935
bZIP_bZIP48_colamp_a,19000073,19000191,AT2G46270,AT2G46270,-118,0
bZIP_bZIP50_col_v31,18999058,18999259,AT2G46270,AT2G46270,-1133,-932
bZIP_bZIP50_colamp_v31,19000081,19000191,AT2G46270,AT2G46270,-110,0
bZIP_bZIP52_colamp_a,19000000,19000191,AT2G46270,AT2G46270,-191,0
bZIP_bZIP53_col,18998828,18999029,AT2G46270,AT2G46270,-1363,-1162
bZIP_bZIP53_col,18998928,18999129,AT2G46270,AT2G46270,-1263,-1062
bZIP_bZIP53_col,18999055,18999256,AT2G46270,AT2G46270,-1136,-935
bZIP_bZIP53_col,19000073,19000191,AT2G46270,AT2G46270,-118,0
bZIP_bZIP53_colamp_a,18998829,18999030,AT2G46270,AT2G46270,-1362,-1161
bZIP_bZIP53_colamp_a,18998929,18999130,AT2G46270,AT2G46270,-1262,-1061
bZIP_bZIP53_colamp_a,18999057,18999258,AT2G46270,AT2G46270,-1134,-933
bZIP_bZIP53_colamp_a,19000071,19000191,AT2G46270,AT2G46270,-120,0
bZIP_bZIP68_col_a,18998847,18999048,AT2G46270,AT2G46270,-1344,-1143
bZIP_bZIP68_col_a,18998929,18999130,AT2G46270,AT2G46270,-1262,-1061
bZIP_bZIP68_col_a,18999033,18999234,AT2G46270,AT2G46270,-1158,-957
bZIP_bZIP68_col_a,18999526,18999727,AT2G46270,AT2G46270,-665,-464
bZIP_bZIP68_col_a,19000071,19000191,AT2G46270,AT2G46270,-120,0
bZIP_GBF3_col,18998829,18999030,AT2G46270,AT2G46270,-1362,-1161
bZIP_GBF3_col,18998929,18999130,AT2G46270,AT2G46270,-1262,-1061
bZIP_GBF3_col,18999195,18999396,AT2G46270,AT2G46270,-996,-795
bZIP_GBF3_col,19000071,19000191,AT2G46270,AT2G46270,-120,0
bZIP_GBF3_col,19000084,19000191,AT2G46270,AT2G46270,-107,0
bZIP_GBF3_colamp,18998829,18999030,AT2G46270,AT2G46270,-1362,-1161
bZIP_GBF3_colamp,18998991,18999192,AT2G46270,AT2G46270,-1200,-999
bZIP_GBF3_colamp,18999526,18999727,AT2G46270,AT2G46270,-665,-464
bZIP_GBF3_colamp,19000018,19000191,AT2G46270,AT2G46270,-173,0
bZIP_GBF3_colamp,19000084,19000191,AT2G46270,AT2G46270,-107,0
bZIP_GBF5_col_v3a,18998929,18999130,AT2G46270,AT2G46270,-1262,-1061
bZIP_GBF5_colamp_a,18998830,18999031,AT2G46270,AT2G46270,-1361,-1160
bZIP_GBF5_colamp_a,18998930,18999131,AT2G46270,AT2G46270,-1261,-1060
bZIP_GBF5_colamp_a,19000083,19000191,AT2G46270,AT2G46270,-108,0
bZIP_GBF6_col,18998829,18999030,AT2G46270,AT2G46270,-1362,-1161
bZIP_GBF6_col,18998929,18999130,AT2G46270,AT2G46270,-1262,-1061
bZIP_GBF6_col,18999056,18999257,AT2G46270,AT2G46270,-1135,-934
bZIP_GBF6_col,19000084,19000191,AT2G46270,AT2G46270,-107,0
bZIP_HY5_colamp_v3a,18998829,18999030,AT2G46270,AT2G46270,-1362,-1161
bZIP_HY5_colamp_v3a,18998929,18999130,AT2G46270,AT2G46270,-1262,-1061
bZIP_HY5_colamp_v3a,18999056,18999257,AT2G46270,AT2G46270,-1135,-934
bZIP_HY5_colamp_v3a,19000071,19000191,AT2G46270,AT2G46270,-120,0
bZIP_TGA1_col,18999057,18999258,AT2G46270,AT2G46270,-1134,-933
bZIP_TGA1_colamp_a,18999058,18999259,AT2G46270,AT2G46270,-1133,-932
bZIP_TGA1_colamp_a,19000082,19000191,AT2G46270,AT2G46270,-109,0
bZIP_TGA10_colamp_a,18999058,18999259,AT2G46270,AT2G46270,-1133,-932
bZIP_TGA10_colamp_a,19000082,19000191,AT2G46270,AT2G46270,-109,0
bZIP_TGA3_col,18999058,18999259,AT2G46270,AT2G46270,-1133,-932
bZIP_TGA3_col,19000082,19000191,AT2G46270,AT2G46270,-109,0
bZIP_TGA4_colamp_a,18999058,18999259,AT2G46270,AT2G46270,-1133,-932
bZIP_TGA4_colamp_a,19000082,19000191,AT2G46270,AT2G46270,-109,0
bZIP_TGA6_col_a,18998830,18999031,AT2G46270,AT2G46270,-1361,-1160
bZIP_TGA6_col_a,18999057,18999258,AT2G46270,AT2G46270,-1134,-933
bZIP_TGA6_col_a,19000036,19000191,AT2G46270,AT2G46270,-155,0
bZIP_TGA6_col_a,19000083,19000191,AT2G46270,AT2G46270,-108,0
bZIP_TGA6_colamp_a,18998830,18999031,AT2G46270,AT2G46270,-1361,-1160
bZIP_TGA6_colamp_a,18999057,18999258,AT2G46270,AT2G46270,-1134,-933
bZIP_TGA6_colamp_a,19000083,19000191,AT2G46270,AT2G46270,-108,0
bZIP_TGA9_colamp_a,18998830,18999031,AT2G46270,AT2G46270,-1361,-1160
bZIP_TGA9_colamp_a,18999057,18999258,AT2G46270,AT2G46270,-1134,-933
bZIP_TGA9_colamp_a,18999862,19000063,AT2G46270,AT2G46270,-329,-128
bZIP_TGA9_colamp_a,19000083,19000191,AT2G46270,AT2G46270,-108,0
BZR_At1g78700_col_a,18999973,19000174,AT2G46270,AT2G46270,-218,-17
BZR_At4g36780_col_a,19000071,19000191,AT2G46270,AT2G46270,-120,0
C2C2dof_At1g64620_colamp_a,18999456,18999657,AT2G46270,AT2G46270,-735,-534
C2H2_AT5G22990_col_a,18998986,18999187,AT2G46270,AT2G46270,-1205,-1004
C2H2_AT5G22990_col_a,19000090,19000191,AT2G46270,AT2G46270,-101,0
CAMTA_CAMTA1_col_a,18998847,18999048,AT2G46270,AT2G46270,-1344,-1143
G2like_At1g25550_col,18999571,18999772,AT2G46270,AT2G46270,-620,-419
G2like_At1g68670_col,18999548,18999749,AT2G46270,AT2G46270,-643,-442
G2like_At2g01060_col,18999534,18999735,AT2G46270,AT2G46270,-657,-456
G2like_At2g03500_col_a,18999714,18999915,AT2G46270,AT2G46270,-477,-276
G2like_At3g04030_col_a,18999548,18999749,AT2G46270,AT2G46270,-643,-442
G2like_At3g04030_col_a,18999716,18999917,AT2G46270,AT2G46270,-475,-274
G2like_At3g24120_col_a,18999549,18999750,AT2G46270,AT2G46270,-642,-441
G2like_At3g24120_col_a,18999714,18999915,AT2G46270,AT2G46270,-477,-276
G2like_At3g24120_colamp_a,18999548,18999749,AT2G46270,AT2G46270,-643,-442
G2like_At3g24120_colamp_a,18999715,18999916,AT2G46270,AT2G46270,-476,-275
G2like_AT4G37180_col_a,18999556,18999757,AT2G46270,AT2G46270,-635,-434
G2like_AT4G37180_col_a,18999703,18999904,AT2G46270,AT2G46270,-488,-287
G2like_At5g29000_col_a,18999557,18999758,AT2G46270,AT2G46270,-634,-433
G2like_AT5G45580_col_a,18999716,18999917,AT2G46270,AT2G46270,-475,-274
LOBAS2_LBD19_colamp_a,19000051,19000191,AT2G46270,AT2G46270,-140,0
MYB_MYB3R1_col_a,18999016,18999217,AT2G46270,AT2G46270,-1175,-974
MYB_MYB3R1_col_a,18999370,18999571,AT2G46270,AT2G46270,-821,-620
MYB_MYB3R1_colamp_a,18999346,18999547,AT2G46270,AT2G46270,-845,-644
MYB_MYB3R5_col_a,18999368,18999569,AT2G46270,AT2G46270,-823,-622
MYB_MYB44_col,18999014,18999215,AT2G46270,AT2G46270,-1177,-976
MYB_MYB44_col,18999347,18999548,AT2G46270,AT2G46270,-844,-643
MYB_MYB70_col_a,18999371,18999572,AT2G46270,AT2G46270,-820,-619
MYB_MYB73_col_a,18999361,18999562,AT2G46270,AT2G46270,-830,-629
MYB_MYB77_col_a,18998980,18999181,AT2G46270,AT2G46270,-1211,-1010
MYB_MYB77_col_a,18999345,18999546,AT2G46270,AT2G46270,-846,-645
NAC_ANAC020_col_v31,18998691,18998824,AT2G46270,AT2G46270,-1500,-1367
NAC_ANAC028_col_a,18998691,18998826,AT2G46270,AT2G46270,-1500,-1365
NAC_ANAC045_col_a,18998691,18998835,AT2G46270,AT2G46270,-1500,-1356
NAC_ANAC046_colamp_a,18999266,18999467,AT2G46270,AT2G46270,-925,-724
NAC_ANAC070_col,18998691,18998835,AT2G46270,AT2G46270,-1500,-1356
NAC_ANAC070_colamp_a,18998691,18998826,AT2G46270,AT2G46270,-1500,-1365
NAC_ANAC071_col_a,18998691,18998828,AT2G46270,AT2G46270,-1500,-1363
NAC_ANAC071_colamp_a,18998691,18998840,AT2G46270,AT2G46270,-1500,-1351
NAC_ANAC083_col_v3a,18998691,18998823,AT2G46270,AT2G46270,-1500,-1368
NAC_ANAC083_colamp_a,18998691,18998822,AT2G46270,AT2G46270,-1500,-1369
NAC_ANAC092_colamp_a,18999266,18999467,AT2G46270,AT2G46270,-925,-724
NAC_ANAC096_col,18998691,18998827,AT2G46270,AT2G46270,-1500,-1364
NAC_NST1_col_v31,18998691,18998832,AT2G46270,AT2G46270,-1500,-1359
NAC_SMB_col_a,18998691,18998835,AT2G46270,AT2G46270,-1500,-1356
NAC_SMB_colamp_a,18998691,18998835,AT2G46270,AT2G46270,-1500,-1356
NAC_SND2_colamp_a,18998691,18998837,AT2G46270,AT2G46270,-1500,-1354
NAC_SND3_col_b,18998691,18998834,AT2G46270,AT2G46270,-1500,-1357
NAC_SND3_colamp_a,18998691,18998833,AT2G46270,AT2G46270,-1500,-1358
NAC_VND1_col_a,18998691,18998833,AT2G46270,AT2G46270,-1500,-1358
NAC_VND2_col_a,18998691,18998835,AT2G46270,AT2G46270,-1500,-1356
NAC_VND2_colamp_a,18998691,18998831,AT2G46270,AT2G46270,-1500,-1360
NAC_VND3_col,18998691,18998822,AT2G46270,AT2G46270,-1500,-1369
NAC_VND3_colamp_a,18998691,18998838,AT2G46270,AT2G46270,-1500,-1353
NAC_VND4_col,18998691,18998829,AT2G46270,AT2G46270,-1500,-1362
NAC_VND4_colamp_a,18998691,18998832,AT2G46270,AT2G46270,-1500,-1359
NAC_VND6_col_v31,18998691,18998826,AT2G46270,AT2G46270,-1500,-1365
NAC_VND6_colamp_a,18998691,18998824,AT2G46270,AT2G46270,-1500,-1367
REM_REM19_colamp_a,18999466,18999667,AT2G46270,AT2G46270,-725,-524
REM_REM19_colamp_a,19000145,19000191,AT2G46270,AT2G46270,-46,0
RWPRK_RKD2_colamp_a,18999571,18999772,AT2G46270,AT2G46270,-620,-419
SBP_SPL15_colamp_a,18999122,18999323,AT2G46270,AT2G46270,-1069,-868
SBP_SPL5_colamp_a,18999975,19000176,AT2G46270,AT2G46270,-216,-15
SBP_SPL9_col_a,18999088,18999289,AT2G46270,AT2G46270,-1103,-902
SBP_SPL9_colamp_a,18999044,18999245,AT2G46270,AT2G46270,-1147,-946
SRS_SRS7_colamp_a,18998691,18998811,AT2G46270,AT2G46270,-1500,-1380
TCP_At1g69690_col_a,18998783,18998984,AT2G46270,AT2G46270,-1408,-1207
TCP_At1g69690_col_a,18999235,18999436,AT2G46270,AT2G46270,-956,-755
TCP_At1g72010_col,18998785,18998986,AT2G46270,AT2G46270,-1406,-1205
TCP_At1g72010_col,18999237,18999438,AT2G46270,AT2G46270,-954,-753
TCP_At1g72010_colamp_a,18998785,18998986,AT2G46270,AT2G46270,-1406,-1205
TCP_At1g72010_colamp_a,18999237,18999438,AT2G46270,AT2G46270,-954,-753
TCP_At5g08330_col_a,18998784,18998985,AT2G46270,AT2G46270,-1407,-1206
TCP_At5g08330_col_a,18999236,18999437,AT2G46270,AT2G46270,-955,-754
TCP_TCP20_col_a,18998783,18998984,AT2G46270,AT2G46270,-1408,-1207
TCP_TCP20_col_a,18999235,18999436,AT2G46270,AT2G46270,-956,-755
TCP_TCP24_col,18998800,18999001,AT2G46270,AT2G46270,-1391,-1190
TCP_TCP24_col,18999236,18999437,AT2G46270,AT2G46270,-955,-754
TCP_TCP3_col,18998785,18998986,AT2G46270,AT2G46270,-1406,-1205
TCP_TCP3_col,18999236,18999437,AT2G46270,AT2G46270,-955,-754
Trihelix_AT2G33550_colamp_a,18998691,18998758,AT2G46270,AT2G46270,-1500,-1433
ZFHD_AtHB32_col200_a,18999721,18999922,AT2G46270,AT2G46270,-470,-269
ABI3VP1_AT5G60130_col_a,5693181,5693382,AT5G17300,AT5G17300,-480,-279
ABI3VP1_AT5G60130_col_a,5693420,5693621,AT5G17300,AT5G17300,-719,-518
ABI3VP1_AT5G60130_col_a,5694183,5694384,AT5G17300,AT5G17300,-1482,-1281
bHLH_BIM2_col_v3b,5693001,5693202,AT5G17300,AT5G17300,-300,-99
bHLH_BIM2_colamp,5693001,5693202,AT5G17300,AT5G17300,-300,-99
bZIP_ABF2_col_v3a,5692902,5693068,AT5G17300,AT5G17300,-166,0
bZIP_ABF2_col_v3a,5693000,5693201,AT5G17300,AT5G17300,-299,-98
bZIP_ABI5_col_v3h,5692902,5693067,AT5G17300,AT5G17300,-165,0
bZIP_ABI5_col_v3h,5692999,5693200,AT5G17300,AT5G17300,-298,-97
bZIP_ABI5_colamp_v3b,5692902,5693068,AT5G17300,AT5G17300,-166,0
bZIP_ABI5_colamp_v3b,5693000,5693201,AT5G17300,AT5G17300,-299,-98
bZIP_AREB3_col_v31,5692902,5693067,AT5G17300,AT5G17300,-165,0
bZIP_AREB3_col_v31,5692999,5693200,AT5G17300,AT5G17300,-298,-97
bZIP_bZIP16_col_v3a,5692902,5693068,AT5G17300,AT5G17300,-166,0
bZIP_bZIP16_col_v3a,5693000,5693201,AT5G17300,AT5G17300,-299,-98
bZIP_bZIP16_colamp_a,5692902,5693067,AT5G17300,AT5G17300,-165,0
bZIP_bZIP16_colamp_a,5692999,5693200,AT5G17300,AT5G17300,-298,-97
bZIP_bZIP3_col_a,5692902,5693066,AT5G17300,AT5G17300,-164,0
bZIP_bZIP3_col_a,5692998,5693199,AT5G17300,AT5G17300,-297,-96
bZIP_bZIP48_colamp_a,5692902,5693066,AT5G17300,AT5G17300,-164,0
bZIP_bZIP48_colamp_a,5692998,5693199,AT5G17300,AT5G17300,-297,-96
bZIP_bZIP50_col_v31,5692902,5693069,AT5G17300,AT5G17300,-167,0
bZIP_bZIP53_col,5692902,5693066,AT5G17300,AT5G17300,-164,0
bZIP_bZIP53_col,5692998,5693199,AT5G17300,AT5G17300,-297,-96
bZIP_bZIP53_colamp_a,5692902,5693067,AT5G17300,AT5G17300,-165,0
bZIP_bZIP53_colamp_a,5692999,5693200,AT5G17300,AT5G17300,-298,-97
bZIP_bZIP68_col_a,5692902,5693067,AT5G17300,AT5G17300,-165,0
bZIP_bZIP68_col_a,5692999,5693200,AT5G17300,AT5G17300,-298,-97
bZIP_GBF3_col,5692902,5693067,AT5G17300,AT5G17300,-165,0
bZIP_GBF3_col,5692999,5693200,AT5G17300,AT5G17300,-298,-97
bZIP_GBF3_colamp,5692902,5693067,AT5G17300,AT5G17300,-165,0
bZIP_GBF5_col_v3a,5692902,5693067,AT5G17300,AT5G17300,-165,0
bZIP_GBF5_colamp_a,5692902,5693068,AT5G17300,AT5G17300,-166,0
bZIP_GBF5_colamp_a,5693000,5693201,AT5G17300,AT5G17300,-299,-98
bZIP_GBF6_col,5692902,5693067,AT5G17300,AT5G17300,-165,0
bZIP_GBF6_col,5692999,5693200,AT5G17300,AT5G17300,-298,-97
bZIP_TGA1_col,5692902,5693068,AT5G17300,AT5G17300,-166,0
bZIP_TGA1_colamp_a,5692902,5693069,AT5G17300,AT5G17300,-167,0
bZIP_TGA10_colamp_a,5692902,5693069,AT5G17300,AT5G17300,-167,0
bZIP_TGA3_col,5692902,5693069,AT5G17300,AT5G17300,-167,0
bZIP_TGA4_colamp_a,5692902,5693069,AT5G17300,AT5G17300,-167,0
bZIP_TGA6_col_a,5692902,5693068,AT5G17300,AT5G17300,-166,0
bZIP_TGA6_colamp_a,5692902,5693068,AT5G17300,AT5G17300,-166,0
bZIP_TGA9_colamp_a,5692902,5693068,AT5G17300,AT5G17300,-166,0
C2C2dof_AT1G47655_colamp_a,5693301,5693502,AT5G17300,AT5G17300,-600,-399
C2C2dof_At1g64620_100ng20cy_b,5693260,5693461,AT5G17300,AT5G17300,-559,-358
C2C2dof_At1g64620_colamp_a,5693188,5693389,AT5G17300,AT5G17300,-487,-286
C2C2dof_AT2G28810_colamp_a,5693192,5693393,AT5G17300,AT5G17300,-491,-290
C2C2dof_At4g38000_col_a,5693191,5693392,AT5G17300,AT5G17300,-490,-289
C2C2dof_AT5G02460_col_a,5693264,5693465,AT5G17300,AT5G17300,-563,-362
C2C2dof_AT5G02460_colamp_a,5693208,5693409,AT5G17300,AT5G17300,-507,-306
C2C2dof_At5g62940_col_a,5693189,5693390,AT5G17300,AT5G17300,-488,-287
C2C2dof_dof24_col_a,5693260,5693461,AT5G17300,AT5G17300,-559,-358
C2C2dof_dof43_colamp_a,5693189,5693390,AT5G17300,AT5G17300,-488,-287
C2C2gata_GATA20_colamp_a,5693508,5693709,AT5G17300,AT5G17300,-807,-606
C2H2_IDD4_col_a,5692902,5692928,AT5G17300,AT5G17300,-26,0
C2H2_IDD5_colamp_a,5694305,5694402,AT5G17300,AT5G17300,-1500,-1403
CPP_AT2G20110_col_a,5693102,5693303,AT5G17300,AT5G17300,-401,-200
CPP_AT2G20110_colamp_a,5693099,5693300,AT5G17300,AT5G17300,-398,-197
CPP_AT2G20110_colamp_a,5693703,5693904,AT5G17300,AT5G17300,-1002,-801
CPP_AT2G20110_colamp_a,5694222,5694402,AT5G17300,AT5G17300,-1500,-1320
CPP_SOL1_col,5693098,5693299,AT5G17300,AT5G17300,-397,-196
CPP_SOL1_colamp_a,5693075,5693276,AT5G17300,AT5G17300,-374,-173
CPP_SOL1_colamp_a,5693711,5693912,AT5G17300,AT5G17300,-1010,-809
CPP_TCX2_col_a,5693113,5693314,AT5G17300,AT5G17300,-412,-211
CPP_TCX2_colamp_a,5693100,5693301,AT5G17300,AT5G17300,-399,-198
CPP_TCX2_colamp_a,5693725,5693926,AT5G17300,AT5G17300,-1024,-823
G2like_At3g24120_col_a,5694147,5694348,AT5G17300,AT5G17300,-1446,-1245
LOBAS2_LBD18_colamp_a,5693497,5693698,AT5G17300,AT5G17300,-796,-595
LOBAS2_LBD19_colamp_a,5692902,5693060,AT5G17300,AT5G17300,-158,0
MADS_AGL63_col_a,5693190,5693391,AT5G17300,AT5G17300,-489,-288
MADS_SVP_col_v3b,5693190,5693391,AT5G17300,AT5G17300,-489,-288
MYBrelated_At1g74840_col100_a,5693694,5693895,AT5G17300,AT5G17300,-993,-792
MYBrelated_At3g09600_col_a,5693230,5693431,AT5G17300,AT5G17300,-529,-328
MYBrelated_At3g09600_colamp_a,5693231,5693432,AT5G17300,AT5G17300,-530,-329
MYBrelated_At3g09600_colamp_a,5693909,5694110,AT5G17300,AT5G17300,-1208,-1007
MYBrelated_AT3G10113_col_a,5693231,5693432,AT5G17300,AT5G17300,-530,-329
MYBrelated_AT3G10113_col_a,5693909,5694110,AT5G17300,AT5G17300,-1208,-1007
MYBrelated_AT3G10113_col_a,5694353,5694402,AT5G17300,AT5G17300,-1500,-1451
MYBrelated_At4g01280_col_a,5693230,5693431,AT5G17300,AT5G17300,-529,-328
MYBrelated_At4g01280_col_a,5693908,5694109,AT5G17300,AT5G17300,-1207,-1006
MYBrelated_At4g01280_colamp_a,5693232,5693433,AT5G17300,AT5G17300,-531,-330
MYBrelated_At4g01280_colamp_a,5693910,5694111,AT5G17300,AT5G17300,-1209,-1008
MYBrelated_At5g47390_col_b,5693694,5693895,AT5G17300,AT5G17300,-993,-792
MYBrelated_At5g47390_col_b,5693807,5694008,AT5G17300,AT5G17300,-1106,-905
MYBrelated_At5g52660_col_a,5693229,5693430,AT5G17300,AT5G17300,-528,-327
MYBrelated_At5g52660_col_a,5694351,5694402,AT5G17300,AT5G17300,-1500,-1449
MYBrelated_At5g52660_colamp_a,5693230,5693431,AT5G17300,AT5G17300,-529,-328
MYBrelated_At5g52660_colamp_a,5693908,5694109,AT5G17300,AT5G17300,-1207,-1006
MYBrelated_At5g52660_colamp_a,5694352,5694402,AT5G17300,AT5G17300,-1500,-1450
MYBrelated_AT5G56840_colamp_a,5693211,5693412,AT5G17300,AT5G17300,-510,-309
MYBrelated_AT5G56840_colamp_a,5693808,5694009,AT5G17300,AT5G17300,-1107,-906
MYBrelated_AT5G61620_col_a,5693809,5694010,AT5G17300,AT5G17300,-1108,-907
MYBrelated_EPR1_col,5693230,5693431,AT5G17300,AT5G17300,-529,-328
MYBrelated_EPR1_colamp_a,5693230,5693431,AT5G17300,AT5G17300,-529,-328
MYBrelated_EPR1_colamp_a,5693645,5693846,AT5G17300,AT5G17300,-944,-743
MYBrelated_EPR1_colamp_a,5693908,5694109,AT5G17300,AT5G17300,-1207,-1006
MYBrelated_EPR1_colamp_a,5694352,5694402,AT5G17300,AT5G17300,-1500,-1450
MYBrelated_LHY1_col_a,5693231,5693432,AT5G17300,AT5G17300,-530,-329
MYBrelated_LHY1_col_a,5693909,5694110,AT5G17300,AT5G17300,-1208,-1007
MYBrelated_LHY1_colamp_a,5693231,5693432,AT5G17300,AT5G17300,-530,-329
MYBrelated_LHY1_colamp_a,5693909,5694110,AT5G17300,AT5G17300,-1208,-1007
MYBrelated_RVE1_col_a,5693231,5693432,AT5G17300,AT5G17300,-530,-329
MYBrelated_RVE1_col_a,5693909,5694110,AT5G17300,AT5G17300,-1208,-1007
MYBrelated_RVE1_col_a,5694353,5694402,AT5G17300,AT5G17300,-1500,-1451
MYBrelated_RVE1_colamp_a,5693909,5694110,AT5G17300,AT5G17300,-1208,-1007
MYBrelated_RVE1_colamp_a,5694353,5694402,AT5G17300,AT5G17300,-1500,-1451
NAC_ANAC016_col_a,5692974,5693175,AT5G17300,AT5G17300,-273,-72
NAC_SND2_colamp_a,5692978,5693179,AT5G17300,AT5G17300,-277,-76
NAC_SND3_col_b,5692980,5693181,AT5G17300,AT5G17300,-279,-78
NAC_SND3_colamp_a,5692975,5693176,AT5G17300,AT5G17300,-274,-73
Trihelix_AT5G05550_col_a,5692902,5692914,AT5G17300,AT5G17300,-12,0
ZFHD_AtHB32_col200_a,5693717,5693918,AT5G17300,AT5G17300,-1016,-815
AP2EREBP_ABR1_colamp_a,26809689,26809779,AT5G67190,AT5G67190,-90,0
AP2EREBP_AT1G12630_col_a,26809741,26809942,AT5G67190,AT5G67190,-253,-52
AP2EREBP_AT1G12630_col_a,26811028,26811189,AT5G67190,AT5G67190,-1500,-1339
AP2EREBP_AT1G12630_colamp_a,26809743,26809944,AT5G67190,AT5G67190,-255,-54
AP2EREBP_At1g19210_col_a,26809741,26809942,AT5G67190,AT5G67190,-253,-52
AP2EREBP_At1g19210_col_a,26811028,26811189,AT5G67190,AT5G67190,-1500,-1339
AP2EREBP_At1g19210_colamp_a,26809743,26809944,AT5G67190,AT5G67190,-255,-54
AP2EREBP_At1g19210_colamp_a,26811026,26811189,AT5G67190,AT5G67190,-1500,-1337
AP2EREBP_At1g22810_col,26809689,26809871,AT5G67190,AT5G67190,-182,0
AP2EREBP_At1g22810_col,26811029,26811189,AT5G67190,AT5G67190,-1500,-1340
AP2EREBP_At1g22810_colamp_a,26809741,26809942,AT5G67190,AT5G67190,-253,-52
AP2EREBP_At1g22810_colamp_a,26811028,26811189,AT5G67190,AT5G67190,-1500,-1339
AP2EREBP_AT1G28160_col_a,26809689,26809779,AT5G67190,AT5G67190,-90,0
AP2EREBP_AT1G28160_colamp_a,26809689,26809777,AT5G67190,AT5G67190,-88,0
AP2EREBP_At1g36060_colamp_a,26811027,26811189,AT5G67190,AT5G67190,-1500,-1338
AP2EREBP_AT1G71450_col_a,26809689,26809779,AT5G67190,AT5G67190,-90,0
AP2EREBP_AT1G71450_col_a,26809741,26809942,AT5G67190,AT5G67190,-253,-52
AP2EREBP_AT1G71450_col_a,26811028,26811189,AT5G67190,AT5G67190,-1500,-1339
AP2EREBP_AT1G77200_col_a,26809689,26809868,AT5G67190,AT5G67190,-179,0
AP2EREBP_AT1G77200_col_a,26811026,26811189,AT5G67190,AT5G67190,-1500,-1337
AP2EREBP_AT1G77200_colamp_a,26809743,26809944,AT5G67190,AT5G67190,-255,-54
AP2EREBP_AT1G77200_colamp_a,26811026,26811189,AT5G67190,AT5G67190,-1500,-1337
AP2EREBP_At2g33710_col,26809689,26809689,AT5G67190,AT5G67190,0,0
AP2EREBP_At2g44940_colamp_a,26809742,26809943,AT5G67190,AT5G67190,-254,-53
AP2EREBP_At2g44940_colamp_a,26811027,26811189,AT5G67190,AT5G67190,-1500,-1338
AP2EREBP_AT3G16280_colamp_a,26809742,26809943,AT5G67190,AT5G67190,-254,-53
AP2EREBP_AT3G16280_colamp_a,26811027,26811189,AT5G67190,AT5G67190,-1500,-1338
AP2EREBP_AT3G60490_colamp_a,26809742,26809943,AT5G67190,AT5G67190,-254,-53
AP2EREBP_AT3G60490_colamp_a,26811027,26811189,AT5G67190,AT5G67190,-1500,-1338
AP2EREBP_At4g16750_col_a,26809742,26809943,AT5G67190,AT5G67190,-254,-53
AP2EREBP_At4g16750_col_a,26811027,26811189,AT5G67190,AT5G67190,-1500,-1338
AP2EREBP_At4g31060_col_a,26809700,26809901,AT5G67190,AT5G67190,-212,-11
AP2EREBP_At4g31060_col_a,26811020,26811189,AT5G67190,AT5G67190,-1500,-1331
AP2EREBP_At4g32800_col,26809743,26809944,AT5G67190,AT5G67190,-255,-54
AP2EREBP_At4g32800_col,26811026,26811189,AT5G67190,AT5G67190,-1500,-1337
AP2EREBP_CBF1_col_a,26809707,26809908,AT5G67190,AT5G67190,-219,-18
AP2EREBP_CBF1_col_a,26811019,26811189,AT5G67190,AT5G67190,-1500,-1330
AP2EREBP_CBF1_colamp_a,26809741,26809942,AT5G67190,AT5G67190,-253,-52
AP2EREBP_CBF1_colamp_a,26811028,26811189,AT5G67190,AT5G67190,-1500,-1339
AP2EREBP_CBF2_colamp_a,26809742,26809943,AT5G67190,AT5G67190,-254,-53
AP2EREBP_CBF2_colamp_a,26811027,26811189,AT5G67190,AT5G67190,-1500,-1338
AP2EREBP_CBF3_col_a,26809693,26809894,AT5G67190,AT5G67190,-205,-4
AP2EREBP_CBF3_col_a,26811021,26811189,AT5G67190,AT5G67190,-1500,-1332
AP2EREBP_CBF3_colamp_a,26809742,26809943,AT5G67190,AT5G67190,-254,-53
AP2EREBP_CBF3_colamp_a,26811027,26811189,AT5G67190,AT5G67190,-1500,-1338
AP2EREBP_CBF4_col_a,26809741,26809942,AT5G67190,AT5G67190,-253,-52
AP2EREBP_CBF4_col_a,26811028,26811189,AT5G67190,AT5G67190,-1500,-1339
AP2EREBP_CBF4_colamp_a,26809742,26809943,AT5G67190,AT5G67190,-254,-53
AP2EREBP_CBF4_colamp_a,26811027,26811189,AT5G67190,AT5G67190,-1500,-1338
AP2EREBP_CEJ1_col_a,26809742,26809943,AT5G67190,AT5G67190,-254,-53
AP2EREBP_CEJ1_col_a,26811020,26811189,AT5G67190,AT5G67190,-1500,-1331
AP2EREBP_CEJ1_col_a,26811027,26811189,AT5G67190,AT5G67190,-1500,-1338
AP2EREBP_CEJ1_colamp_a,26809742,26809943,AT5G67190,AT5G67190,-254,-53
AP2EREBP_CEJ1_colamp_a,26811027,26811189,AT5G67190,AT5G67190,-1500,-1338
AP2EREBP_DEAR2_col_a,26809741,26809942,AT5G67190,AT5G67190,-253,-52
AP2EREBP_DEAR2_col_a,26811021,26811189,AT5G67190,AT5G67190,-1500,-1332
AP2EREBP_DEAR2_colamp_a,26809742,26809943,AT5G67190,AT5G67190,-254,-53
AP2EREBP_DEAR2_colamp_a,26811027,26811189,AT5G67190,AT5G67190,-1500,-1338
AP2EREBP_DEAR3_col_a,26809689,26809862,AT5G67190,AT5G67190,-173,0
AP2EREBP_DEAR3_col_a,26811028,26811189,AT5G67190,AT5G67190,-1500,-1339
AP2EREBP_DEAR3_colamp_a,26809741,26809942,AT5G67190,AT5G67190,-253,-52
AP2EREBP_DEAR3_colamp_a,26811028,26811189,AT5G67190,AT5G67190,-1500,-1339
AP2EREBP_DEAR5_col_a,26811027,26811189,AT5G67190,AT5G67190,-1500,-1338
AP2EREBP_DREB19_colamp_a,26811019,26811189,AT5G67190,AT5G67190,-1500,-1330
AP2EREBP_ERF105_colamp_a,26809689,26809781,AT5G67190,AT5G67190,-92,0
AP2EREBP_ERF11_col_b,26809689,26809689,AT5G67190,AT5G67190,0,0
AP2EREBP_ERF13_colamp_a,26809689,26809779,AT5G67190,AT5G67190,-90,0
AP2EREBP_ERF15_col,26809689,26809780,AT5G67190,AT5G67190,-91,0
AP2EREBP_ERF15_colamp_a,26809689,26809780,AT5G67190,AT5G67190,-91,0
AP2EREBP_ERF38_col_a,26809741,26809942,AT5G67190,AT5G67190,-253,-52
AP2EREBP_ERF38_col_a,26811021,26811189,AT5G67190,AT5G67190,-1500,-1332
AP2EREBP_ERF4_col_a,26809689,26809781,AT5G67190,AT5G67190,-92,0
AP2EREBP_ERF4_colamp_a,26809689,26809781,AT5G67190,AT5G67190,-92,0
AP2EREBP_ERF8_col_a,26809689,26809777,AT5G67190,AT5G67190,-88,0
AP2EREBP_RAP212_col_a,26809689,26809779,AT5G67190,AT5G67190,-90,0
ARF_ARF2_col_v31,26811029,26811189,AT5G67190,AT5G67190,-1500,-1340
ARF_ecoli_MP_col,26809744,26809945,AT5G67190,AT5G67190,-256,-55
ARF_ecoli_MP_col,26811078,26811189,AT5G67190,AT5G67190,-1500,-1389
BBRBPC_BPC1_col_a,26809689,26809848,AT5G67190,AT5G67190,-159,0
BBRBPC_BPC1_colamp_a,26809689,26809880,AT5G67190,AT5G67190,-191,0
bHLH_bHLH10_colamp_a,26809741,26809942,AT5G67190,AT5G67190,-253,-52
bHLH_bHLH10_colamp_a,26811028,26811189,AT5G67190,AT5G67190,-1500,-1339
bHLH_bHLH28_col_a,26811027,26811189,AT5G67190,AT5G67190,-1500,-1338
bZIP_ABI5_col_v3h,26809689,26809765,AT5G67190,AT5G67190,-76,0
bZIP_ABI5_colamp_v3b,26809689,26809766,AT5G67190,AT5G67190,-77,0
bZIP_AREB3_col_v31,26809689,26809765,AT5G67190,AT5G67190,-76,0
bZIP_bZIP16_col_v3a,26809689,26809766,AT5G67190,AT5G67190,-77,0
bZIP_bZIP16_colamp_a,26809689,26809765,AT5G67190,AT5G67190,-76,0
bZIP_bZIP3_col_a,26809689,26809764,AT5G67190,AT5G67190,-75,0
bZIP_bZIP48_colamp_a,26809689,26809764,AT5G67190,AT5G67190,-75,0
bZIP_bZIP50_col_v31,26809689,26809767,AT5G67190,AT5G67190,-78,0
bZIP_bZIP50_colamp_v31,26809689,26809768,AT5G67190,AT5G67190,-79,0
bZIP_bZIP53_col,26809689,26809764,AT5G67190,AT5G67190,-75,0
bZIP_bZIP53_colamp_a,26809689,26809765,AT5G67190,AT5G67190,-76,0
bZIP_bZIP68_col_a,26809689,26809765,AT5G67190,AT5G67190,-76,0
bZIP_GBF3_col,26809689,26809765,AT5G67190,AT5G67190,-76,0
bZIP_GBF3_colamp,26809689,26809765,AT5G67190,AT5G67190,-76,0
bZIP_GBF5_col_v3a,26809689,26809765,AT5G67190,AT5G67190,-76,0
bZIP_GBF5_colamp_a,26809689,26809766,AT5G67190,AT5G67190,-77,0
bZIP_GBF6_col,26809689,26809765,AT5G67190,AT5G67190,-76,0
bZIP_HY5_colamp_v3a,26809689,26809765,AT5G67190,AT5G67190,-76,0
bZIP_HY5_colamp_v3a,26811081,26811189,AT5G67190,AT5G67190,-1500,-1392
bZIP_TGA1_col,26809689,26809766,AT5G67190,AT5G67190,-77,0
bZIP_TGA1_colamp_a,26809689,26809767,AT5G67190,AT5G67190,-78,0
bZIP_TGA10_colamp_a,26809689,26809767,AT5G67190,AT5G67190,-78,0
bZIP_TGA3_col,26809689,26809767,AT5G67190,AT5G67190,-78,0
bZIP_TGA4_colamp_a,26809689,26809767,AT5G67190,AT5G67190,-78,0
bZIP_TGA6_col_a,26809689,26809766,AT5G67190,AT5G67190,-77,0
bZIP_TGA6_col_a,26810974,26811175,AT5G67190,AT5G67190,-1486,-1285
bZIP_TGA6_colamp_a,26809689,26809766,AT5G67190,AT5G67190,-77,0
bZIP_TGA6_colamp_a,26810974,26811175,AT5G67190,AT5G67190,-1486,-1285
bZIP_TGA9_colamp_a,26809689,26809766,AT5G67190,AT5G67190,-77,0
C2C2dof_At1g64620_100ng20cy_b,26811101,26811189,AT5G67190,AT5G67190,-1500,-1412
C2C2dof_At1g64620_colamp_a,26810453,26810654,AT5G67190,AT5G67190,-965,-764
C2C2dof_AT2G28810_col_a,26810451,26810652,AT5G67190,AT5G67190,-963,-762
C2C2dof_AT2G28810_colamp_a,26811101,26811189,AT5G67190,AT5G67190,-1500,-1412
C2C2dof_At3g45610_col_a,26811100,26811189,AT5G67190,AT5G67190,-1500,-1411
C2C2dof_At3g45610_colamp_a,26811100,26811189,AT5G67190,AT5G67190,-1500,-1411
C2C2dof_AT3G52440_col_a,26811099,26811189,AT5G67190,AT5G67190,-1500,-1410
C2C2dof_AT3G52440_colamp_a,26810453,26810654,AT5G67190,AT5G67190,-965,-764
C2C2dof_AT3G52440_colamp_a,26811097,26811189,AT5G67190,AT5G67190,-1500,-1408
C2C2dof_AT5G02460_col_a,26810407,26810608,AT5G67190,AT5G67190,-919,-718
C2C2dof_AT5G02460_colamp_a,26810407,26810608,AT5G67190,AT5G67190,-919,-718
C2C2dof_At5g62940_col_a,26810452,26810653,AT5G67190,AT5G67190,-964,-763
C2C2dof_At5g62940_col_a,26811098,26811189,AT5G67190,AT5G67190,-1500,-1409
C2C2dof_CDF3_col_a,26811103,26811189,AT5G67190,AT5G67190,-1500,-1414
C2C2dof_CDF3_colamp_a,26811101,26811189,AT5G67190,AT5G67190,-1500,-1412
C2C2dof_OBP1_col_a,26811101,26811189,AT5G67190,AT5G67190,-1500,-1412
C2C2dof_OBP4_col_a,26811142,26811189,AT5G67190,AT5G67190,-1500,-1453
C2H2_AT4G26030_col_a,26811016,26811189,AT5G67190,AT5G67190,-1500,-1327
C2H2_At5g66730_col,26811096,26811189,AT5G67190,AT5G67190,-1500,-1407
C2H2_At5g66730_colamp_a,26811145,26811189,AT5G67190,AT5G67190,-1500,-1456
C2H2_AtIDD11_colamp_a,26811146,26811189,AT5G67190,AT5G67190,-1500,-1457
C2H2_IDD4_col_a,26811147,26811189,AT5G67190,AT5G67190,-1500,-1458
C2H2_IDD5_colamp_a,26811097,26811189,AT5G67190,AT5G67190,-1500,-1408
C2H2_IDD7_col_a,26811106,26811189,AT5G67190,AT5G67190,-1500,-1417
C2H2_JKD_col_a,26811147,26811189,AT5G67190,AT5G67190,-1500,-1458
C2H2_MGP_colamp_a,26811106,26811189,AT5G67190,AT5G67190,-1500,-1417
C2H2_SGR5_colamp_a,26811103,26811189,AT5G67190,AT5G67190,-1500,-1414
C3H_AT5G63260_col_a,26810452,26810653,AT5G67190,AT5G67190,-964,-763
C3H_AT5G63260_col_a,26811140,26811189,AT5G67190,AT5G67190,-1500,-1451
G2like_AT2G40260_colamp_a,26811186,26811189,AT5G67190,AT5G67190,-1500,-1497
G2like_At3g24120_col_a,26811112,26811189,AT5G67190,AT5G67190,-1500,-1423
G2like_AT4G37180_col_a,26810320,26810521,AT5G67190,AT5G67190,-832,-631
G2like_AT5G45580_col_a,26811114,26811189,AT5G67190,AT5G67190,-1500,-1425
G2like_AT5G45580_colamp_a,26811114,26811189,AT5G67190,AT5G67190,-1500,-1425
LOBAS2_LBD19_colamp_a,26809689,26809767,AT5G67190,AT5G67190,-78,0
MADS_SVP_col_v3b,26810969,26811170,AT5G67190,AT5G67190,-1481,-1280
mTERF_AT5G23930_col_a,26809689,26809779,AT5G67190,AT5G67190,-90,0
MYB_ATY13_col_a,26811024,26811189,AT5G67190,AT5G67190,-1500,-1335
MYB_MYB107_col_a,26811016,26811189,AT5G67190,AT5G67190,-1500,-1327
MYB_MYB107_colamp_a,26811016,26811189,AT5G67190,AT5G67190,-1500,-1327
MYB_MYB33_col_a,26810793,26810994,AT5G67190,AT5G67190,-1305,-1104
MYB_MYB44_col,26811045,26811189,AT5G67190,AT5G67190,-1500,-1356
MYB_MYB49_col_a,26811015,26811189,AT5G67190,AT5G67190,-1500,-1326
MYB_MYB49_colamp_a,26811016,26811189,AT5G67190,AT5G67190,-1500,-1327
MYB_MYB58_col_a,26811042,26811189,AT5G67190,AT5G67190,-1500,-1353
MYB_MYB58_colamp_a,26811015,26811189,AT5G67190,AT5G67190,-1500,-1326
MYB_MYB61_colamp_a,26811014,26811189,AT5G67190,AT5G67190,-1500,-1325
MYB_MYB62_colamp_a,26809689,26809717,AT5G67190,AT5G67190,-28,0
MYB_MYB62_colamp_a,26811027,26811189,AT5G67190,AT5G67190,-1500,-1338
MYB_MYB67_col_a,26811043,26811189,AT5G67190,AT5G67190,-1500,-1354
MYB_MYB77_col_a,26811043,26811189,AT5G67190,AT5G67190,-1500,-1354
MYB_MYB93_colamp_a,26811020,26811189,AT5G67190,AT5G67190,-1500,-1331
MYBrelated_At3g09600_col_a,26810368,26810569,AT5G67190,AT5G67190,-880,-679
MYBrelated_At3g09600_colamp_a,26810369,26810570,AT5G67190,AT5G67190,-881,-680
MYBrelated_AT3G10113_col_a,26810369,26810570,AT5G67190,AT5G67190,-881,-680
MYBrelated_At4g01280_colamp_a,26810370,26810571,AT5G67190,AT5G67190,-882,-681
MYBrelated_At5g52660_colamp_a,26810368,26810569,AT5G67190,AT5G67190,-880,-679
MYBrelated_EPR1_col,26810368,26810569,AT5G67190,AT5G67190,-880,-679
MYBrelated_EPR1_colamp_a,26810368,26810569,AT5G67190,AT5G67190,-880,-679
MYBrelated_LHY1_col_a,26810369,26810570,AT5G67190,AT5G67190,-881,-680
MYBrelated_LHY1_colamp_a,26810369,26810570,AT5G67190,AT5G67190,-881,-680
MYBrelated_RVE1_col_a,26810369,26810570,AT5G67190,AT5G67190,-881,-680
NAC_SMB_colamp_a,26811053,26811189,AT5G67190,AT5G67190,-1500,-1364
NAC_VND2_colamp_a,26811109,26811189,AT5G67190,AT5G67190,-1500,-1420
ND_FRS9_col_a,26809689,26809843,AT5G67190,AT5G67190,-154,0
SBP_SPL1_col_a,26810981,26811182,AT5G67190,AT5G67190,-1493,-1292
SBP_SPL1_colamp_a,26810971,26811172,AT5G67190,AT5G67190,-1483,-1282
SBP_SPL1_colamp_a,26811083,26811189,AT5G67190,AT5G67190,-1500,-1394
SBP_SPL15_colamp_a,26810956,26811157,AT5G67190,AT5G67190,-1468,-1267
SBP_SPL15_colamp_a,26811102,26811189,AT5G67190,AT5G67190,-1500,-1413
SBP_SPL5_colamp_a,26810982,26811183,AT5G67190,AT5G67190,-1494,-1293
SBP_SPL9_col_a,26811066,26811189,AT5G67190,AT5G67190,-1500,-1377
SBP_SPL9_colamp_a,26810956,26811157,AT5G67190,AT5G67190,-1468,-1267
SBP_SPL9_colamp_a,26811082,26811189,AT5G67190,AT5G67190,-1500,-1393
Trihelix_AT2G33550_colamp_a,26810946,26811147,AT5G67190,AT5G67190,-1458,-1257
Trihelix_AT2G33550_colamp_a,26811107,26811189,AT5G67190,AT5G67190,-1500,-1418
WRKY_WRKY22_col,26811054,26811189,AT5G67190,AT5G67190,-1500,-1365
BBRBPC_BPC1_colamp_a,26104614,26104678,AT5G65310,AT5G65310,-64,0
bZIP_bZIP18_colamp_a,26105705,26105906,AT5G65310,AT5G65310,-1292,-1091
C2C2dof_Adof1_col_a,26105862,26106063,AT5G65310,AT5G65310,-1449,-1248
C2C2dof_At1g64620_100ng20cy_b,26105860,26106061,AT5G65310,AT5G65310,-1447,-1246
C2C2dof_At1g64620_colamp_a,26104819,26105020,AT5G65310,AT5G65310,-406,-205
C2C2dof_AT1G69570_col_a,26106096,26106114,AT5G65310,AT5G65310,-1500,-1482
C2C2dof_AT1G69570_colamp_a,26106098,26106114,AT5G65310,AT5G65310,-1500,-1484
C2C2dof_AT2G28810_col_a,26104821,26105022,AT5G65310,AT5G65310,-408,-207
C2C2dof_AT2G28810_col_a,26105858,26106059,AT5G65310,AT5G65310,-1445,-1244
C2C2dof_AT2G28810_col_a,26106096,26106114,AT5G65310,AT5G65310,-1500,-1482
C2C2dof_AT2G28810_colamp_a,26105860,26106061,AT5G65310,AT5G65310,-1447,-1246
C2C2dof_At3g45610_col_a,26105859,26106060,AT5G65310,AT5G65310,-1446,-1245
C2C2dof_At3g45610_colamp_a,26105888,26106089,AT5G65310,AT5G65310,-1475,-1274
C2C2dof_AT3G52440_colamp_a,26105885,26106086,AT5G65310,AT5G65310,-1472,-1271
C2C2dof_AT5G02460_col_a,26104819,26105020,AT5G65310,AT5G65310,-406,-205
C2C2dof_AT5G02460_col_a,26105856,26106057,AT5G65310,AT5G65310,-1443,-1242
C2C2dof_AT5G02460_colamp_a,26105818,26106019,AT5G65310,AT5G65310,-1405,-1204
C2C2dof_At5g62940_col_a,26105857,26106058,AT5G65310,AT5G65310,-1444,-1243
C2C2dof_AT5G66940_col_a,26105857,26106058,AT5G65310,AT5G65310,-1444,-1243
C2C2dof_AT5G66940_col_a,26106104,26106114,AT5G65310,AT5G65310,-1500,-1490
C2C2dof_CDF3_colamp_a,26105860,26106061,AT5G65310,AT5G65310,-1447,-1246
C2C2dof_DAG2_col_a,26105816,26106017,AT5G65310,AT5G65310,-1403,-1202
C2C2dof_dof24_col_a,26105889,26106090,AT5G65310,AT5G65310,-1476,-1275
C2C2dof_dof43_colamp_a,26105886,26106087,AT5G65310,AT5G65310,-1473,-1272
C2C2dof_dof45_col_a,26105861,26106062,AT5G65310,AT5G65310,-1448,-1247
C2C2dof_OBP3_col_a,26104824,26105025,AT5G65310,AT5G65310,-411,-210
C2C2dof_OBP3_col_a,26105861,26106062,AT5G65310,AT5G65310,-1448,-1247
C2C2dof_OBP4_colamp_a,26104820,26105021,AT5G65310,AT5G65310,-407,-206
C2C2dof_OBP4_colamp_a,26105857,26106058,AT5G65310,AT5G65310,-1444,-1243
CPP_AT2G20110_col_a,26104855,26105056,AT5G65310,AT5G65310,-442,-241
CPP_AT2G20110_colamp_a,26104861,26105062,AT5G65310,AT5G65310,-448,-247
CPP_SOL1_col,26104863,26105064,AT5G65310,AT5G65310,-450,-249
CPP_SOL1_colamp_a,26104845,26105046,AT5G65310,AT5G65310,-432,-231
CPP_TCX2_col_a,26104846,26105047,AT5G65310,AT5G65310,-433,-232
CPP_TCX2_colamp_a,26104846,26105047,AT5G65310,AT5G65310,-433,-232
CPP_TCX2_colamp_a,26104893,26105094,AT5G65310,AT5G65310,-480,-279
LOBAS2_LBD19_col_a,26104614,26104732,AT5G65310,AT5G65310,-118,0
LOBAS2_LBD19_colamp_a,26104614,26104797,AT5G65310,AT5G65310,-183,0
MYBrelated_At3g09600_colamp_a,26105170,26105371,AT5G65310,AT5G65310,-757,-556
MYBrelated_AT3G10113_col_a,26105170,26105371,AT5G65310,AT5G65310,-757,-556
MYBrelated_At4g01280_colamp_a,26105169,26105370,AT5G65310,AT5G65310,-756,-555
MYBrelated_EPR1_col,26105171,26105372,AT5G65310,AT5G65310,-758,-557
MYBrelated_EPR1_colamp_a,26105171,26105372,AT5G65310,AT5G65310,-758,-557
MYBrelated_LHY1_col_a,26105170,26105371,AT5G65310,AT5G65310,-757,-556
MYBrelated_RVE1_col_a,26105170,26105371,AT5G65310,AT5G65310,-757,-556
ND_FRS9_col_a,26104614,26104681,AT5G65310,AT5G65310,-67,0
Orphan_BBX31_col_a,26104825,26105026,AT5G65310,AT5G65310,-412,-211
Orphan_BBX31_col_a,26105862,26106063,AT5G65310,AT5G65310,-1449,-1248
Trihelix_AT5G47660_colamp_a,26105890,26106091,AT5G65310,AT5G65310,-1477,-1276
Trihelix_GT2_col_a,26105810,26106011,AT5G65310,AT5G65310,-1397,-1196
Trihelix_GT2_col_a,26105890,26106091,AT5G65310,AT5G65310,-1477,-1276
Trihelix_GT2_colamp_a,26105890,26106091,AT5G65310,AT5G65310,-1477,-1276
Trihelix_GTL1_col_a,26105889,26106090,AT5G65310,AT5G65310,-1476,-1275
Trihelix_GTL1_colamp_a,26105890,26106091,AT5G65310,AT5G65310,-1477,-1276
WRKY_WRKY28_col_a,26104614,26104634,AT5G65310,AT5G65310,-20,0
ZFHD_ATHB23_col_b,26105429,26105630,AT5G65310,AT5G65310,-1016,-815
ZFHD_ATHB23_colamp_a,26105383,26105584,AT5G65310,AT5G65310,-970,-769
ZFHD_ATHB25_colamp_a,26105425,26105626,AT5G65310,AT5G65310,-1012,-811
ZFHD_ATHB34_colamp_a,26105428,26105629,AT5G65310,AT5G65310,-1015,-814
ARF_ARF2_col_v31,23092850,23093011,AT3G62420,AT3G62420,-161,0
ARF_ecoli_MP_col,23093817,23094018,AT3G62420,AT3G62420,-1168,-967
bZIP_bZIP18_col_v31,23092850,23092959,AT3G62420,AT3G62420,-109,0
bZIP_bZIP18_col_v31,23092876,23093077,AT3G62420,AT3G62420,-227,-26
bZIP_bZIP18_colamp_a,23092850,23092959,AT3G62420,AT3G62420,-109,0
bZIP_bZIP18_colamp_a,23092876,23093077,AT3G62420,AT3G62420,-227,-26
bZIP_bZIP50_col_v31,23093172,23093373,AT3G62420,AT3G62420,-523,-322
bZIP_bZIP52_col_v31,23092850,23092959,AT3G62420,AT3G62420,-109,0
bZIP_bZIP52_col_v31,23092879,23093080,AT3G62420,AT3G62420,-230,-29
bZIP_bZIP52_colamp_a,23092850,23092958,AT3G62420,AT3G62420,-108,0
bZIP_bZIP52_colamp_a,23092878,23093079,AT3G62420,AT3G62420,-229,-28
bZIP_bZIP68_col_a,23092901,23093102,AT3G62420,AT3G62420,-252,-51
bZIP_GBF6_col,23092850,23092956,AT3G62420,AT3G62420,-106,0
bZIP_TGA1_col,23093173,23093374,AT3G62420,AT3G62420,-524,-323
bZIP_TGA1_colamp_a,23093172,23093373,AT3G62420,AT3G62420,-523,-322
bZIP_TGA10_colamp_a,23093172,23093373,AT3G62420,AT3G62420,-523,-322
bZIP_TGA3_col,23093172,23093373,AT3G62420,AT3G62420,-523,-322
bZIP_TGA4_colamp_a,23093172,23093373,AT3G62420,AT3G62420,-523,-322
bZIP_TGA6_col_a,23092896,23093097,AT3G62420,AT3G62420,-247,-46
bZIP_TGA6_col_a,23093173,23093374,AT3G62420,AT3G62420,-524,-323
bZIP_TGA6_colamp_a,23093173,23093374,AT3G62420,AT3G62420,-524,-323
bZIP_TGA9_colamp_a,23093173,23093374,AT3G62420,AT3G62420,-524,-323
C2C2dof_Adof1_col_a,23092850,23092975,AT3G62420,AT3G62420,-125,0
C2C2dof_At1g64620_100ng20cy_b,23092850,23092973,AT3G62420,AT3G62420,-123,0
C2C2dof_At1g64620_colamp_a,23092850,23092969,AT3G62420,AT3G62420,-119,0
C2C2dof_AT1G69570_col_a,23092850,23092977,AT3G62420,AT3G62420,-127,0
C2C2dof_AT1G69570_colamp_a,23092850,23092975,AT3G62420,AT3G62420,-125,0
C2C2dof_AT2G28810_col_a,23092850,23092977,AT3G62420,AT3G62420,-127,0
C2C2dof_AT2G28810_colamp_a,23092850,23092973,AT3G62420,AT3G62420,-123,0
C2C2dof_At3g45610_col_a,23092850,23092972,AT3G62420,AT3G62420,-122,0
C2C2dof_At3g45610_colamp_a,23092850,23092935,AT3G62420,AT3G62420,-85,0
C2C2dof_AT3G52440_colamp_a,23092850,23092969,AT3G62420,AT3G62420,-119,0
C2C2dof_AT5G02460_col_a,23092850,23092969,AT3G62420,AT3G62420,-119,0
C2C2dof_AT5G02460_colamp_a,23092850,23092915,AT3G62420,AT3G62420,-65,0
C2C2dof_At5g62940_col_a,23092850,23092970,AT3G62420,AT3G62420,-120,0
C2C2dof_AT5G66940_col_a,23092850,23092970,AT3G62420,AT3G62420,-120,0
C2C2dof_AT5G66940_colamp_a,23092850,23092972,AT3G62420,AT3G62420,-122,0
C2C2dof_CDF3_colamp_a,23092850,23092973,AT3G62420,AT3G62420,-123,0
C2C2dof_COG1_col_a,23092850,23092970,AT3G62420,AT3G62420,-120,0
C2C2dof_DAG2_col_a,23092850,23092971,AT3G62420,AT3G62420,-121,0
C2C2dof_DAG2_colamp_a,23092850,23092971,AT3G62420,AT3G62420,-121,0
C2C2dof_dof24_col_a,23092850,23092973,AT3G62420,AT3G62420,-123,0
C2C2dof_dof24_colamp_a,23092850,23092914,AT3G62420,AT3G62420,-64,0
C2C2dof_dof43_colamp_a,23092850,23092914,AT3G62420,AT3G62420,-64,0
C2C2dof_dof45_col_a,23092850,23092974,AT3G62420,AT3G62420,-124,0
C2C2dof_OBP1_col_a,23092850,23092973,AT3G62420,AT3G62420,-123,0
C2C2dof_OBP3_col_a,23092850,23092974,AT3G62420,AT3G62420,-124,0
C2C2dof_OBP4_colamp_a,23092850,23092970,AT3G62420,AT3G62420,-120,0
C3H_AT3G12130_colamp_a,23092850,23092972,AT3G62420,AT3G62420,-122,0
C3H_AT5G63260_col_a,23092850,23092970,AT3G62420,AT3G62420,-120,0
C3H_AT5G63260_colamp_a,23092850,23092972,AT3G62420,AT3G62420,-122,0
G2like_At1g25550_col,23092960,23093161,AT3G62420,AT3G62420,-311,-110
G2like_At1g68670_col,23092959,23093160,AT3G62420,AT3G62420,-310,-109
G2like_At1g68670_colamp_a,23092961,23093162,AT3G62420,AT3G62420,-312,-111
G2like_At2g01060_col,23092958,23093159,AT3G62420,AT3G62420,-309,-108
G2like_At2g03500_col_a,23092957,23093158,AT3G62420,AT3G62420,-308,-107
G2like_AT2G20400_colamp_a,23092958,23093159,AT3G62420,AT3G62420,-309,-108
G2like_At3g04030_col_a,23092960,23093161,AT3G62420,AT3G62420,-311,-110
G2like_At3g04030_colamp_a,23092959,23093160,AT3G62420,AT3G62420,-310,-109
G2like_At3g12730_colamp_a,23092959,23093160,AT3G62420,AT3G62420,-310,-109
G2like_At3g24120_col_a,23092958,23093159,AT3G62420,AT3G62420,-309,-108
G2like_At3g24120_colamp_a,23092959,23093160,AT3G62420,AT3G62420,-310,-109
G2like_At3g24120_colamp_a,23094350,23094350,AT3G62420,AT3G62420,-1500,-1500
G2like_AT4G37180_col_a,23092979,23093180,AT3G62420,AT3G62420,-330,-129
G2like_At5g29000_col_a,23092958,23093159,AT3G62420,AT3G62420,-309,-108
G2like_AT5G45580_col_a,23092960,23093161,AT3G62420,AT3G62420,-311,-110
G2like_AT5G45580_colamp_a,23092955,23093156,AT3G62420,AT3G62420,-306,-105
Homeobox_PDF2_col,23092958,23093159,AT3G62420,AT3G62420,-309,-108
MYB_MYB33_col_a,23093108,23093309,AT3G62420,AT3G62420,-459,-258
MYB_MYB77_col_a,23093098,23093299,AT3G62420,AT3G62420,-449,-248
MYB_MYB83_colamp_a,23093703,23093904,AT3G62420,AT3G62420,-1054,-853
MYBrelated_At1g19000_col_a,23092850,23092930,AT3G62420,AT3G62420,-80,0
MYBrelated_At1g19000_colamp_a,23092850,23092931,AT3G62420,AT3G62420,-81,0
MYBrelated_At1g49010_col_a,23092850,23092930,AT3G62420,AT3G62420,-80,0
MYBrelated_At1g49010_colamp_a,23092850,23092928,AT3G62420,AT3G62420,-78,0
MYBrelated_At3g09600_col_a,23094296,23094350,AT3G62420,AT3G62420,-1500,-1446
MYBrelated_AT3G10113_col_a,23094297,23094350,AT3G62420,AT3G62420,-1500,-1447
MYBrelated_At4g01280_colamp_a,23093480,23093681,AT3G62420,AT3G62420,-831,-630
MYBrelated_At5g08520_col_b,23092850,23092929,AT3G62420,AT3G62420,-79,0
MYBrelated_At5g08520_colamp_a,23092850,23092930,AT3G62420,AT3G62420,-80,0
MYBrelated_At5g47390_col_b,23092850,23092930,AT3G62420,AT3G62420,-80,0
MYBrelated_At5g52660_colamp_a,23094296,23094350,AT3G62420,AT3G62420,-1500,-1446
MYBrelated_At5g58900_colamp_a,23092850,23092929,AT3G62420,AT3G62420,-79,0
MYBrelated_EPR1_col,23092984,23093185,AT3G62420,AT3G62420,-335,-134
MYBrelated_EPR1_col,23094296,23094350,AT3G62420,AT3G62420,-1500,-1446
MYBrelated_EPR1_colamp_a,23094296,23094350,AT3G62420,AT3G62420,-1500,-1446
MYBrelated_LHY1_col_a,23094297,23094350,AT3G62420,AT3G62420,-1500,-1447
MYBrelated_LHY1_colamp_a,23094297,23094350,AT3G62420,AT3G62420,-1500,-1447
MYBrelated_RVE1_col_a,23094297,23094350,AT3G62420,AT3G62420,-1500,-1447
NAC_ANAC058_col_a,23093220,23093421,AT3G62420,AT3G62420,-571,-370
NAC_ANAC070_col,23093180,23093381,AT3G62420,AT3G62420,-531,-330
NAC_ANAC071_col_a,23093374,23093575,AT3G62420,AT3G62420,-725,-524
NAC_NTM1_colamp_a,23092850,23092915,AT3G62420,AT3G62420,-65,0
NAC_SMB_col_a,23093168,23093369,AT3G62420,AT3G62420,-519,-318
NAC_SMB_colamp_a,23093166,23093367,AT3G62420,AT3G62420,-517,-316
NAC_SND2_colamp_a,23093163,23093364,AT3G62420,AT3G62420,-514,-313
NAC_SND2_colamp_a,23093383,23093584,AT3G62420,AT3G62420,-734,-533
NAC_SND3_col_b,23093155,23093356,AT3G62420,AT3G62420,-506,-305
NAC_SND3_col_b,23093385,23093586,AT3G62420,AT3G62420,-736,-535
NAC_SND3_col_b,23094141,23094342,AT3G62420,AT3G62420,-1492,-1291
NAC_SND3_colamp_a,23093158,23093359,AT3G62420,AT3G62420,-509,-308
NAC_SND3_colamp_a,23093388,23093589,AT3G62420,AT3G62420,-739,-538
NAC_SND3_colamp_a,23094153,23094350,AT3G62420,AT3G62420,-1500,-1303
Orphan_BBX31_col_a,23092850,23092975,AT3G62420,AT3G62420,-125,0
REM_REM19_colamp_a,23094232,23094350,AT3G62420,AT3G62420,-1500,-1382
ZFHD_ATHB25_colamp_a,23093091,23093292,AT3G62420,AT3G62420,-442,-241
ZFHD_ATHB33_col_a,23093091,23093292,AT3G62420,AT3G62420,-442,-241
ZFHD_ATHB33_colamp_a,23093008,23093209,AT3G62420,AT3G62420,-359,-158
