TF,V2,V3,V4
vas_m1500p1_ABI3VP1_AT5G60130_col_a.overlap15,5693181,5693382,AT5G17300
vas_m1500p1_ABI3VP1_AT5G60130_col_a.overlap15,5693420,5693621,AT5G17300
vas_m1500p1_ABI3VP1_AT5G60130_col_a.overlap15,5694183,5694384,AT5G17300
vas_m1500p1_AP2EREBP_ABR1_colamp_a.overlap15,26809689,26809779,AT5G67190
vas_m1500p1_AP2EREBP_AT1G12630_col_a.overlap15,18999591,18999792,AT2G46270
vas_m1500p1_AP2EREBP_AT1G12630_col_a.overlap15,26809741,26809942,AT5G67190
vas_m1500p1_AP2EREBP_AT1G12630_col_a.overlap15,26811028,26811189,AT5G67190
vas_m1500p1_AP2EREBP_AT1G12630_colamp_a.overlap15,18999589,18999790,AT2G46270
vas_m1500p1_AP2EREBP_AT1G12630_colamp_a.overlap15,26809743,26809944,AT5G67190
vas_m1500p1_AP2EREBP_At1g19210_col_a.overlap15,18999569,18999770,AT2G46270
vas_m1500p1_AP2EREBP_At1g19210_col_a.overlap15,26809741,26809942,AT5G67190
vas_m1500p1_AP2EREBP_At1g19210_col_a.overlap15,26811028,26811189,AT5G67190
vas_m1500p1_AP2EREBP_At1g19210_colamp_a.overlap15,18999567,18999768,AT2G46270
vas_m1500p1_AP2EREBP_At1g19210_colamp_a.overlap15,26809743,26809944,AT5G67190
vas_m1500p1_AP2EREBP_At1g19210_colamp_a.overlap15,26811026,26811189,AT5G67190
vas_m1500p1_AP2EREBP_At1g22810_col.overlap15,26809689,26809871,AT5G67190
vas_m1500p1_AP2EREBP_At1g22810_col.overlap15,26811029,26811189,AT5G67190
vas_m1500p1_AP2EREBP_At1g22810_colamp_a.overlap15,26809741,26809942,AT5G67190
vas_m1500p1_AP2EREBP_At1g22810_colamp_a.overlap15,26811028,26811189,AT5G67190
vas_m1500p1_AP2EREBP_AT1G28160_col_a.overlap15,26809689,26809779,AT5G67190
vas_m1500p1_AP2EREBP_AT1G28160_colamp_a.overlap15,26809689,26809777,AT5G67190
vas_m1500p1_AP2EREBP_At1g36060_colamp_a.overlap15,26811027,26811189,AT5G67190
vas_m1500p1_AP2EREBP_AT1G71450_col_a.overlap15,26809689,26809779,AT5G67190
vas_m1500p1_AP2EREBP_AT1G71450_col_a.overlap15,26809741,26809942,AT5G67190
vas_m1500p1_AP2EREBP_AT1G71450_col_a.overlap15,26811028,26811189,AT5G67190
vas_m1500p1_AP2EREBP_AT1G77200_col_a.overlap15,26809689,26809868,AT5G67190
vas_m1500p1_AP2EREBP_AT1G77200_col_a.overlap15,26811026,26811189,AT5G67190
vas_m1500p1_AP2EREBP_AT1G77200_colamp_a.overlap15,18999191,18999392,AT2G46270
vas_m1500p1_AP2EREBP_AT1G77200_colamp_a.overlap15,18999589,18999790,AT2G46270
vas_m1500p1_AP2EREBP_AT1G77200_colamp_a.overlap15,26809743,26809944,AT5G67190
vas_m1500p1_AP2EREBP_AT1G77200_colamp_a.overlap15,26811026,26811189,AT5G67190
vas_m1500p1_AP2EREBP_At2g33710_col.overlap15,26809689,26809689,AT5G67190
vas_m1500p1_AP2EREBP_At2g44940_colamp_a.overlap15,26809742,26809943,AT5G67190
vas_m1500p1_AP2EREBP_At2g44940_colamp_a.overlap15,26811027,26811189,AT5G67190
vas_m1500p1_AP2EREBP_AT3G16280_colamp_a.overlap15,18999190,18999391,AT2G46270
vas_m1500p1_AP2EREBP_AT3G16280_colamp_a.overlap15,26809742,26809943,AT5G67190
vas_m1500p1_AP2EREBP_AT3G16280_colamp_a.overlap15,26811027,26811189,AT5G67190
vas_m1500p1_AP2EREBP_AT3G60490_colamp_a.overlap15,18999190,18999391,AT2G46270
vas_m1500p1_AP2EREBP_AT3G60490_colamp_a.overlap15,26809742,26809943,AT5G67190
vas_m1500p1_AP2EREBP_AT3G60490_colamp_a.overlap15,26811027,26811189,AT5G67190
vas_m1500p1_AP2EREBP_At4g16750_col_a.overlap15,18999190,18999391,AT2G46270
vas_m1500p1_AP2EREBP_At4g16750_col_a.overlap15,26809742,26809943,AT5G67190
vas_m1500p1_AP2EREBP_At4g16750_col_a.overlap15,26811027,26811189,AT5G67190
vas_m1500p1_AP2EREBP_At4g31060_col_a.overlap15,26809700,26809901,AT5G67190
vas_m1500p1_AP2EREBP_At4g31060_col_a.overlap15,26811020,26811189,AT5G67190
vas_m1500p1_AP2EREBP_At4g32800_col.overlap15,26809743,26809944,AT5G67190
vas_m1500p1_AP2EREBP_At4g32800_col.overlap15,26811026,26811189,AT5G67190
vas_m1500p1_AP2EREBP_CBF1_col_a.overlap15,26809707,26809908,AT5G67190
vas_m1500p1_AP2EREBP_CBF1_col_a.overlap15,26811019,26811189,AT5G67190
vas_m1500p1_AP2EREBP_CBF1_colamp_a.overlap15,18999594,18999795,AT2G46270
vas_m1500p1_AP2EREBP_CBF1_colamp_a.overlap15,26809741,26809942,AT5G67190
vas_m1500p1_AP2EREBP_CBF1_colamp_a.overlap15,26811028,26811189,AT5G67190
vas_m1500p1_AP2EREBP_CBF2_colamp_a.overlap15,26809742,26809943,AT5G67190
vas_m1500p1_AP2EREBP_CBF2_colamp_a.overlap15,26811027,26811189,AT5G67190
vas_m1500p1_AP2EREBP_CBF3_col_a.overlap15,26809693,26809894,AT5G67190
vas_m1500p1_AP2EREBP_CBF3_col_a.overlap15,26811021,26811189,AT5G67190
vas_m1500p1_AP2EREBP_CBF3_colamp_a.overlap15,26809742,26809943,AT5G67190
vas_m1500p1_AP2EREBP_CBF3_colamp_a.overlap15,26811027,26811189,AT5G67190
vas_m1500p1_AP2EREBP_CBF4_col_a.overlap15,26809741,26809942,AT5G67190
vas_m1500p1_AP2EREBP_CBF4_col_a.overlap15,26811028,26811189,AT5G67190
vas_m1500p1_AP2EREBP_CBF4_colamp_a.overlap15,18999190,18999391,AT2G46270
vas_m1500p1_AP2EREBP_CBF4_colamp_a.overlap15,18999580,18999781,AT2G46270
vas_m1500p1_AP2EREBP_CBF4_colamp_a.overlap15,26809742,26809943,AT5G67190
vas_m1500p1_AP2EREBP_CBF4_colamp_a.overlap15,26811027,26811189,AT5G67190
vas_m1500p1_AP2EREBP_CEJ1_col_a.overlap15,18999190,18999391,AT2G46270
vas_m1500p1_AP2EREBP_CEJ1_col_a.overlap15,26809742,26809943,AT5G67190
vas_m1500p1_AP2EREBP_CEJ1_col_a.overlap15,26811020,26811189,AT5G67190
vas_m1500p1_AP2EREBP_CEJ1_col_a.overlap15,26811027,26811189,AT5G67190
vas_m1500p1_AP2EREBP_CEJ1_colamp_a.overlap15,18999190,18999391,AT2G46270
vas_m1500p1_AP2EREBP_CEJ1_colamp_a.overlap15,26809742,26809943,AT5G67190
vas_m1500p1_AP2EREBP_CEJ1_colamp_a.overlap15,26811027,26811189,AT5G67190
vas_m1500p1_AP2EREBP_DEAR2_col_a.overlap15,26809741,26809942,AT5G67190
vas_m1500p1_AP2EREBP_DEAR2_col_a.overlap15,26811021,26811189,AT5G67190
vas_m1500p1_AP2EREBP_DEAR2_colamp_a.overlap15,18999190,18999391,AT2G46270
vas_m1500p1_AP2EREBP_DEAR2_colamp_a.overlap15,26809742,26809943,AT5G67190
vas_m1500p1_AP2EREBP_DEAR2_colamp_a.overlap15,26811027,26811189,AT5G67190
vas_m1500p1_AP2EREBP_DEAR3_col_a.overlap15,26809689,26809862,AT5G67190
vas_m1500p1_AP2EREBP_DEAR3_col_a.overlap15,26811028,26811189,AT5G67190
vas_m1500p1_AP2EREBP_DEAR3_colamp_a.overlap15,18999189,18999390,AT2G46270
vas_m1500p1_AP2EREBP_DEAR3_colamp_a.overlap15,26809741,26809942,AT5G67190
vas_m1500p1_AP2EREBP_DEAR3_colamp_a.overlap15,26811028,26811189,AT5G67190
vas_m1500p1_AP2EREBP_DEAR5_col_a.overlap15,26811027,26811189,AT5G67190
vas_m1500p1_AP2EREBP_DREB19_colamp_a.overlap15,18999191,18999392,AT2G46270
vas_m1500p1_AP2EREBP_DREB19_colamp_a.overlap15,26811019,26811189,AT5G67190
vas_m1500p1_AP2EREBP_ERF105_colamp_a.overlap15,26809689,26809781,AT5G67190
vas_m1500p1_AP2EREBP_ERF11_col_b.overlap15,26809689,26809689,AT5G67190
vas_m1500p1_AP2EREBP_ERF13_colamp_a.overlap15,26809689,26809779,AT5G67190
vas_m1500p1_AP2EREBP_ERF15_col.overlap15,26809689,26809780,AT5G67190
vas_m1500p1_AP2EREBP_ERF15_colamp_a.overlap15,26809689,26809780,AT5G67190
vas_m1500p1_AP2EREBP_ERF38_col_a.overlap15,26809741,26809942,AT5G67190
vas_m1500p1_AP2EREBP_ERF38_col_a.overlap15,26811021,26811189,AT5G67190
vas_m1500p1_AP2EREBP_ERF4_col_a.overlap15,26809689,26809781,AT5G67190
vas_m1500p1_AP2EREBP_ERF4_colamp_a.overlap15,26809689,26809781,AT5G67190
vas_m1500p1_AP2EREBP_ERF8_col_a.overlap15,26809689,26809777,AT5G67190
vas_m1500p1_AP2EREBP_Rap210_col_a.overlap15,18999589,18999790,AT2G46270
vas_m1500p1_AP2EREBP_Rap210_colamp_a.overlap15,18999189,18999390,AT2G46270
vas_m1500p1_AP2EREBP_RAP212_col_a.overlap15,26809689,26809779,AT5G67190
vas_m1500p1_ARF_ARF2_col_v31.overlap15,23092850,23093011,AT3G62420
vas_m1500p1_ARF_ARF2_col_v31.overlap15,26811029,26811189,AT5G67190
vas_m1500p1_ARF_ecoli_MP_col.overlap15,18998839,18999040,AT2G46270
vas_m1500p1_ARF_ecoli_MP_col.overlap15,18999192,18999393,AT2G46270
vas_m1500p1_ARF_ecoli_MP_col.overlap15,23093817,23094018,AT3G62420
vas_m1500p1_ARF_ecoli_MP_col.overlap15,26809744,26809945,AT5G67190
vas_m1500p1_ARF_ecoli_MP_col.overlap15,26811078,26811189,AT5G67190
vas_m1500p1_BBRBPC_BPC1_col_a.overlap15,26809689,26809848,AT5G67190
vas_m1500p1_BBRBPC_BPC1_colamp_a.overlap15,19000186,19000191,AT2G46270
vas_m1500p1_BBRBPC_BPC1_colamp_a.overlap15,26104614,26104678,AT5G65310
vas_m1500p1_BBRBPC_BPC1_colamp_a.overlap15,26809689,26809880,AT5G67190
vas_m1500p1_bHLH_bHLH10_colamp_a.overlap15,18999189,18999390,AT2G46270
vas_m1500p1_bHLH_bHLH10_colamp_a.overlap15,26809741,26809942,AT5G67190
vas_m1500p1_bHLH_bHLH10_colamp_a.overlap15,26811028,26811189,AT5G67190
vas_m1500p1_bHLH_bHLH28_col_a.overlap15,26811027,26811189,AT5G67190
vas_m1500p1_bHLH_BIM2_col_v3b.overlap15,18999515,18999716,AT2G46270
vas_m1500p1_bHLH_BIM2_col_v3b.overlap15,19000015,19000191,AT2G46270
vas_m1500p1_bHLH_BIM2_col_v3b.overlap15,5693001,5693202,AT5G17300
vas_m1500p1_bHLH_BIM2_colamp.overlap15,18998828,18999029,AT2G46270
vas_m1500p1_bHLH_BIM2_colamp.overlap15,18999515,18999716,AT2G46270
vas_m1500p1_bHLH_BIM2_colamp.overlap15,18999972,19000173,AT2G46270
vas_m1500p1_bHLH_BIM2_colamp.overlap15,19000070,19000191,AT2G46270
vas_m1500p1_bHLH_BIM2_colamp.overlap15,5693001,5693202,AT5G17300
vas_m1500p1_bZIP_ABF2_col_v3a.overlap15,18998930,18999131,AT2G46270
vas_m1500p1_bZIP_ABF2_col_v3a.overlap15,19000083,19000191,AT2G46270
vas_m1500p1_bZIP_ABF2_col_v3a.overlap15,5692902,5693068,AT5G17300
vas_m1500p1_bZIP_ABF2_col_v3a.overlap15,5693000,5693201,AT5G17300
vas_m1500p1_bZIP_ABI5_col_v3h.overlap15,18998829,18999030,AT2G46270
vas_m1500p1_bZIP_ABI5_col_v3h.overlap15,18998929,18999130,AT2G46270
vas_m1500p1_bZIP_ABI5_col_v3h.overlap15,19000071,19000191,AT2G46270
vas_m1500p1_bZIP_ABI5_col_v3h.overlap15,5692902,5693067,AT5G17300
vas_m1500p1_bZIP_ABI5_col_v3h.overlap15,5692999,5693200,AT5G17300
vas_m1500p1_bZIP_ABI5_col_v3h.overlap15,26809689,26809765,AT5G67190
vas_m1500p1_bZIP_ABI5_colamp_v3b.overlap15,18998830,18999031,AT2G46270
vas_m1500p1_bZIP_ABI5_colamp_v3b.overlap15,18998930,18999131,AT2G46270
vas_m1500p1_bZIP_ABI5_colamp_v3b.overlap15,19000072,19000191,AT2G46270
vas_m1500p1_bZIP_ABI5_colamp_v3b.overlap15,5692902,5693068,AT5G17300
vas_m1500p1_bZIP_ABI5_colamp_v3b.overlap15,5693000,5693201,AT5G17300
vas_m1500p1_bZIP_ABI5_colamp_v3b.overlap15,26809689,26809766,AT5G67190
vas_m1500p1_bZIP_AREB3_col_v31.overlap15,18998848,18999049,AT2G46270
vas_m1500p1_bZIP_AREB3_col_v31.overlap15,18998929,18999130,AT2G46270
vas_m1500p1_bZIP_AREB3_col_v31.overlap15,19000084,19000191,AT2G46270
vas_m1500p1_bZIP_AREB3_col_v31.overlap15,5692902,5693067,AT5G17300
vas_m1500p1_bZIP_AREB3_col_v31.overlap15,5692999,5693200,AT5G17300
vas_m1500p1_bZIP_AREB3_col_v31.overlap15,26809689,26809765,AT5G67190
vas_m1500p1_bZIP_bZIP16_col_v3a.overlap15,18998930,18999131,AT2G46270
vas_m1500p1_bZIP_bZIP16_col_v3a.overlap15,19000083,19000191,AT2G46270
vas_m1500p1_bZIP_bZIP16_col_v3a.overlap15,5692902,5693068,AT5G17300
vas_m1500p1_bZIP_bZIP16_col_v3a.overlap15,5693000,5693201,AT5G17300
vas_m1500p1_bZIP_bZIP16_col_v3a.overlap15,26809689,26809766,AT5G67190
vas_m1500p1_bZIP_bZIP16_colamp_a.overlap15,18998929,18999130,AT2G46270
vas_m1500p1_bZIP_bZIP16_colamp_a.overlap15,19000071,19000191,AT2G46270
vas_m1500p1_bZIP_bZIP16_colamp_a.overlap15,5692902,5693067,AT5G17300
vas_m1500p1_bZIP_bZIP16_colamp_a.overlap15,5692999,5693200,AT5G17300
vas_m1500p1_bZIP_bZIP16_colamp_a.overlap15,26809689,26809765,AT5G67190
vas_m1500p1_bZIP_bZIP18_col_v31.overlap15,19000001,19000191,AT2G46270
vas_m1500p1_bZIP_bZIP18_col_v31.overlap15,23092850,23092959,AT3G62420
vas_m1500p1_bZIP_bZIP18_col_v31.overlap15,23092876,23093077,AT3G62420
vas_m1500p1_bZIP_bZIP18_colamp_a.overlap15,19000001,19000191,AT2G46270
vas_m1500p1_bZIP_bZIP18_colamp_a.overlap15,23092850,23092959,AT3G62420
vas_m1500p1_bZIP_bZIP18_colamp_a.overlap15,23092876,23093077,AT3G62420
vas_m1500p1_bZIP_bZIP18_colamp_a.overlap15,26105705,26105906,AT5G65310
vas_m1500p1_bZIP_bZIP28_col_a.overlap15,18998928,18999129,AT2G46270
vas_m1500p1_bZIP_bZIP28_col_a.overlap15,19000070,19000191,AT2G46270
vas_m1500p1_bZIP_bZIP28_col_a.overlap15,19000085,19000191,AT2G46270
vas_m1500p1_bZIP_bZIP3_col_a.overlap15,18998828,18999029,AT2G46270
vas_m1500p1_bZIP_bZIP3_col_a.overlap15,18998928,18999129,AT2G46270
vas_m1500p1_bZIP_bZIP3_col_a.overlap15,18999055,18999256,AT2G46270
vas_m1500p1_bZIP_bZIP3_col_a.overlap15,18999194,18999395,AT2G46270
vas_m1500p1_bZIP_bZIP3_col_a.overlap15,19000043,19000191,AT2G46270
vas_m1500p1_bZIP_bZIP3_col_a.overlap15,19000070,19000191,AT2G46270
vas_m1500p1_bZIP_bZIP3_col_a.overlap15,5692902,5693066,AT5G17300
vas_m1500p1_bZIP_bZIP3_col_a.overlap15,5692998,5693199,AT5G17300
vas_m1500p1_bZIP_bZIP3_col_a.overlap15,26809689,26809764,AT5G67190
vas_m1500p1_bZIP_bZIP48_colamp_a.overlap15,18998828,18999029,AT2G46270
vas_m1500p1_bZIP_bZIP48_colamp_a.overlap15,18998928,18999129,AT2G46270
vas_m1500p1_bZIP_bZIP48_colamp_a.overlap15,18999055,18999256,AT2G46270
vas_m1500p1_bZIP_bZIP48_colamp_a.overlap15,19000073,19000191,AT2G46270
vas_m1500p1_bZIP_bZIP48_colamp_a.overlap15,5692902,5693066,AT5G17300
vas_m1500p1_bZIP_bZIP48_colamp_a.overlap15,5692998,5693199,AT5G17300
vas_m1500p1_bZIP_bZIP48_colamp_a.overlap15,26809689,26809764,AT5G67190
vas_m1500p1_bZIP_bZIP50_col_v31.overlap15,18999058,18999259,AT2G46270
vas_m1500p1_bZIP_bZIP50_col_v31.overlap15,23093172,23093373,AT3G62420
vas_m1500p1_bZIP_bZIP50_col_v31.overlap15,5692902,5693069,AT5G17300
vas_m1500p1_bZIP_bZIP50_col_v31.overlap15,26809689,26809767,AT5G67190
vas_m1500p1_bZIP_bZIP50_colamp_v31.overlap15,19000081,19000191,AT2G46270
vas_m1500p1_bZIP_bZIP50_colamp_v31.overlap15,26809689,26809768,AT5G67190
vas_m1500p1_bZIP_bZIP52_col_v31.overlap15,23092850,23092959,AT3G62420
vas_m1500p1_bZIP_bZIP52_col_v31.overlap15,23092879,23093080,AT3G62420
vas_m1500p1_bZIP_bZIP52_colamp_a.overlap15,19000000,19000191,AT2G46270
vas_m1500p1_bZIP_bZIP52_colamp_a.overlap15,23092850,23092958,AT3G62420
vas_m1500p1_bZIP_bZIP52_colamp_a.overlap15,23092878,23093079,AT3G62420
vas_m1500p1_bZIP_bZIP53_col.overlap15,18998828,18999029,AT2G46270
vas_m1500p1_bZIP_bZIP53_col.overlap15,18998928,18999129,AT2G46270
vas_m1500p1_bZIP_bZIP53_col.overlap15,18999055,18999256,AT2G46270
vas_m1500p1_bZIP_bZIP53_col.overlap15,19000073,19000191,AT2G46270
vas_m1500p1_bZIP_bZIP53_col.overlap15,5692902,5693066,AT5G17300
vas_m1500p1_bZIP_bZIP53_col.overlap15,5692998,5693199,AT5G17300
vas_m1500p1_bZIP_bZIP53_col.overlap15,26809689,26809764,AT5G67190
vas_m1500p1_bZIP_bZIP53_colamp_a.overlap15,18998829,18999030,AT2G46270
vas_m1500p1_bZIP_bZIP53_colamp_a.overlap15,18998929,18999130,AT2G46270
vas_m1500p1_bZIP_bZIP53_colamp_a.overlap15,18999057,18999258,AT2G46270
vas_m1500p1_bZIP_bZIP53_colamp_a.overlap15,19000071,19000191,AT2G46270
vas_m1500p1_bZIP_bZIP53_colamp_a.overlap15,5692902,5693067,AT5G17300
vas_m1500p1_bZIP_bZIP53_colamp_a.overlap15,5692999,5693200,AT5G17300
vas_m1500p1_bZIP_bZIP53_colamp_a.overlap15,26809689,26809765,AT5G67190
vas_m1500p1_bZIP_bZIP68_col_a.overlap15,18998847,18999048,AT2G46270
vas_m1500p1_bZIP_bZIP68_col_a.overlap15,18998929,18999130,AT2G46270
vas_m1500p1_bZIP_bZIP68_col_a.overlap15,18999033,18999234,AT2G46270
vas_m1500p1_bZIP_bZIP68_col_a.overlap15,18999526,18999727,AT2G46270
vas_m1500p1_bZIP_bZIP68_col_a.overlap15,19000071,19000191,AT2G46270
vas_m1500p1_bZIP_bZIP68_col_a.overlap15,23092901,23093102,AT3G62420
vas_m1500p1_bZIP_bZIP68_col_a.overlap15,5692902,5693067,AT5G17300
vas_m1500p1_bZIP_bZIP68_col_a.overlap15,5692999,5693200,AT5G17300
vas_m1500p1_bZIP_bZIP68_col_a.overlap15,26809689,26809765,AT5G67190
vas_m1500p1_bZIP_GBF3_col.overlap15,18998829,18999030,AT2G46270
vas_m1500p1_bZIP_GBF3_col.overlap15,18998929,18999130,AT2G46270
vas_m1500p1_bZIP_GBF3_col.overlap15,18999195,18999396,AT2G46270
vas_m1500p1_bZIP_GBF3_col.overlap15,19000071,19000191,AT2G46270
vas_m1500p1_bZIP_GBF3_col.overlap15,19000084,19000191,AT2G46270
vas_m1500p1_bZIP_GBF3_col.overlap15,5692902,5693067,AT5G17300
vas_m1500p1_bZIP_GBF3_col.overlap15,5692999,5693200,AT5G17300
vas_m1500p1_bZIP_GBF3_col.overlap15,26809689,26809765,AT5G67190
vas_m1500p1_bZIP_GBF3_colamp.overlap15,18998829,18999030,AT2G46270
vas_m1500p1_bZIP_GBF3_colamp.overlap15,18998991,18999192,AT2G46270
vas_m1500p1_bZIP_GBF3_colamp.overlap15,18999526,18999727,AT2G46270
vas_m1500p1_bZIP_GBF3_colamp.overlap15,19000018,19000191,AT2G46270
vas_m1500p1_bZIP_GBF3_colamp.overlap15,19000084,19000191,AT2G46270
vas_m1500p1_bZIP_GBF3_colamp.overlap15,5692902,5693067,AT5G17300
vas_m1500p1_bZIP_GBF3_colamp.overlap15,26809689,26809765,AT5G67190
vas_m1500p1_bZIP_GBF5_col_v3a.overlap15,18998929,18999130,AT2G46270
vas_m1500p1_bZIP_GBF5_col_v3a.overlap15,5692902,5693067,AT5G17300
vas_m1500p1_bZIP_GBF5_col_v3a.overlap15,26809689,26809765,AT5G67190
vas_m1500p1_bZIP_GBF5_colamp_a.overlap15,18998830,18999031,AT2G46270
vas_m1500p1_bZIP_GBF5_colamp_a.overlap15,18998930,18999131,AT2G46270
vas_m1500p1_bZIP_GBF5_colamp_a.overlap15,19000083,19000191,AT2G46270
vas_m1500p1_bZIP_GBF5_colamp_a.overlap15,5692902,5693068,AT5G17300
vas_m1500p1_bZIP_GBF5_colamp_a.overlap15,5693000,5693201,AT5G17300
vas_m1500p1_bZIP_GBF5_colamp_a.overlap15,26809689,26809766,AT5G67190
vas_m1500p1_bZIP_GBF6_col.overlap15,18998829,18999030,AT2G46270
vas_m1500p1_bZIP_GBF6_col.overlap15,18998929,18999130,AT2G46270
vas_m1500p1_bZIP_GBF6_col.overlap15,18999056,18999257,AT2G46270
vas_m1500p1_bZIP_GBF6_col.overlap15,19000084,19000191,AT2G46270
vas_m1500p1_bZIP_GBF6_col.overlap15,23092850,23092956,AT3G62420
vas_m1500p1_bZIP_GBF6_col.overlap15,5692902,5693067,AT5G17300
vas_m1500p1_bZIP_GBF6_col.overlap15,5692999,5693200,AT5G17300
vas_m1500p1_bZIP_GBF6_col.overlap15,26809689,26809765,AT5G67190
vas_m1500p1_bZIP_HY5_colamp_v3a.overlap15,18998829,18999030,AT2G46270
vas_m1500p1_bZIP_HY5_colamp_v3a.overlap15,18998929,18999130,AT2G46270
vas_m1500p1_bZIP_HY5_colamp_v3a.overlap15,18999056,18999257,AT2G46270
vas_m1500p1_bZIP_HY5_colamp_v3a.overlap15,19000071,19000191,AT2G46270
vas_m1500p1_bZIP_HY5_colamp_v3a.overlap15,26809689,26809765,AT5G67190
vas_m1500p1_bZIP_HY5_colamp_v3a.overlap15,26811081,26811189,AT5G67190
vas_m1500p1_bZIP_TGA1_col.overlap15,18999057,18999258,AT2G46270
vas_m1500p1_bZIP_TGA1_col.overlap15,23093173,23093374,AT3G62420
vas_m1500p1_bZIP_TGA1_col.overlap15,5692902,5693068,AT5G17300
vas_m1500p1_bZIP_TGA1_col.overlap15,26809689,26809766,AT5G67190
vas_m1500p1_bZIP_TGA1_colamp_a.overlap15,18999058,18999259,AT2G46270
vas_m1500p1_bZIP_TGA1_colamp_a.overlap15,19000082,19000191,AT2G46270
vas_m1500p1_bZIP_TGA1_colamp_a.overlap15,23093172,23093373,AT3G62420
vas_m1500p1_bZIP_TGA1_colamp_a.overlap15,5692902,5693069,AT5G17300
vas_m1500p1_bZIP_TGA1_colamp_a.overlap15,26809689,26809767,AT5G67190
vas_m1500p1_bZIP_TGA10_colamp_a.overlap15,18999058,18999259,AT2G46270
vas_m1500p1_bZIP_TGA10_colamp_a.overlap15,19000082,19000191,AT2G46270
vas_m1500p1_bZIP_TGA10_colamp_a.overlap15,23093172,23093373,AT3G62420
vas_m1500p1_bZIP_TGA10_colamp_a.overlap15,5692902,5693069,AT5G17300
vas_m1500p1_bZIP_TGA10_colamp_a.overlap15,26809689,26809767,AT5G67190
vas_m1500p1_bZIP_TGA3_col.overlap15,18999058,18999259,AT2G46270
vas_m1500p1_bZIP_TGA3_col.overlap15,19000082,19000191,AT2G46270
vas_m1500p1_bZIP_TGA3_col.overlap15,23093172,23093373,AT3G62420
vas_m1500p1_bZIP_TGA3_col.overlap15,5692902,5693069,AT5G17300
vas_m1500p1_bZIP_TGA3_col.overlap15,26809689,26809767,AT5G67190
vas_m1500p1_bZIP_TGA4_colamp_a.overlap15,18999058,18999259,AT2G46270
vas_m1500p1_bZIP_TGA4_colamp_a.overlap15,19000082,19000191,AT2G46270
vas_m1500p1_bZIP_TGA4_colamp_a.overlap15,23093172,23093373,AT3G62420
vas_m1500p1_bZIP_TGA4_colamp_a.overlap15,5692902,5693069,AT5G17300
vas_m1500p1_bZIP_TGA4_colamp_a.overlap15,26809689,26809767,AT5G67190
vas_m1500p1_bZIP_TGA6_col_a.overlap15,18998830,18999031,AT2G46270
vas_m1500p1_bZIP_TGA6_col_a.overlap15,18999057,18999258,AT2G46270
vas_m1500p1_bZIP_TGA6_col_a.overlap15,19000036,19000191,AT2G46270
vas_m1500p1_bZIP_TGA6_col_a.overlap15,19000083,19000191,AT2G46270
vas_m1500p1_bZIP_TGA6_col_a.overlap15,23092896,23093097,AT3G62420
vas_m1500p1_bZIP_TGA6_col_a.overlap15,23093173,23093374,AT3G62420
vas_m1500p1_bZIP_TGA6_col_a.overlap15,5692902,5693068,AT5G17300
vas_m1500p1_bZIP_TGA6_col_a.overlap15,26809689,26809766,AT5G67190
vas_m1500p1_bZIP_TGA6_col_a.overlap15,26810974,26811175,AT5G67190
vas_m1500p1_bZIP_TGA6_colamp_a.overlap15,18998830,18999031,AT2G46270
vas_m1500p1_bZIP_TGA6_colamp_a.overlap15,18999057,18999258,AT2G46270
vas_m1500p1_bZIP_TGA6_colamp_a.overlap15,19000083,19000191,AT2G46270
vas_m1500p1_bZIP_TGA6_colamp_a.overlap15,23093173,23093374,AT3G62420
vas_m1500p1_bZIP_TGA6_colamp_a.overlap15,5692902,5693068,AT5G17300
vas_m1500p1_bZIP_TGA6_colamp_a.overlap15,26809689,26809766,AT5G67190
vas_m1500p1_bZIP_TGA6_colamp_a.overlap15,26810974,26811175,AT5G67190
vas_m1500p1_bZIP_TGA9_colamp_a.overlap15,18998830,18999031,AT2G46270
vas_m1500p1_bZIP_TGA9_colamp_a.overlap15,18999057,18999258,AT2G46270
vas_m1500p1_bZIP_TGA9_colamp_a.overlap15,18999862,19000063,AT2G46270
vas_m1500p1_bZIP_TGA9_colamp_a.overlap15,19000083,19000191,AT2G46270
vas_m1500p1_bZIP_TGA9_colamp_a.overlap15,23093173,23093374,AT3G62420
vas_m1500p1_bZIP_TGA9_colamp_a.overlap15,5692902,5693068,AT5G17300
vas_m1500p1_bZIP_TGA9_colamp_a.overlap15,26809689,26809766,AT5G67190
vas_m1500p1_BZR_At1g78700_col_a.overlap15,18999973,19000174,AT2G46270
vas_m1500p1_BZR_At4g36780_col_a.overlap15,19000071,19000191,AT2G46270
vas_m1500p1_C2C2dof_Adof1_col_a.overlap15,23092850,23092975,AT3G62420
vas_m1500p1_C2C2dof_Adof1_col_a.overlap15,26105862,26106063,AT5G65310
vas_m1500p1_C2C2dof_AT1G47655_colamp_a.overlap15,5693301,5693502,AT5G17300
vas_m1500p1_C2C2dof_At1g64620_100ng20cy_b.overlap15,23092850,23092973,AT3G62420
vas_m1500p1_C2C2dof_At1g64620_100ng20cy_b.overlap15,5693260,5693461,AT5G17300
vas_m1500p1_C2C2dof_At1g64620_100ng20cy_b.overlap15,26105860,26106061,AT5G65310
vas_m1500p1_C2C2dof_At1g64620_100ng20cy_b.overlap15,26811101,26811189,AT5G67190
vas_m1500p1_C2C2dof_At1g64620_colamp_a.overlap15,18999456,18999657,AT2G46270
vas_m1500p1_C2C2dof_At1g64620_colamp_a.overlap15,23092850,23092969,AT3G62420
vas_m1500p1_C2C2dof_At1g64620_colamp_a.overlap15,5693188,5693389,AT5G17300
vas_m1500p1_C2C2dof_At1g64620_colamp_a.overlap15,26104819,26105020,AT5G65310
vas_m1500p1_C2C2dof_At1g64620_colamp_a.overlap15,26810453,26810654,AT5G67190
vas_m1500p1_C2C2dof_AT1G69570_col_a.overlap15,23092850,23092977,AT3G62420
vas_m1500p1_C2C2dof_AT1G69570_col_a.overlap15,26106096,26106114,AT5G65310
vas_m1500p1_C2C2dof_AT1G69570_colamp_a.overlap15,23092850,23092975,AT3G62420
vas_m1500p1_C2C2dof_AT1G69570_colamp_a.overlap15,26106098,26106114,AT5G65310
vas_m1500p1_C2C2dof_AT2G28810_col_a.overlap15,23092850,23092977,AT3G62420
vas_m1500p1_C2C2dof_AT2G28810_col_a.overlap15,26104821,26105022,AT5G65310
vas_m1500p1_C2C2dof_AT2G28810_col_a.overlap15,26105858,26106059,AT5G65310
vas_m1500p1_C2C2dof_AT2G28810_col_a.overlap15,26106096,26106114,AT5G65310
vas_m1500p1_C2C2dof_AT2G28810_col_a.overlap15,26810451,26810652,AT5G67190
vas_m1500p1_C2C2dof_AT2G28810_colamp_a.overlap15,23092850,23092973,AT3G62420
vas_m1500p1_C2C2dof_AT2G28810_colamp_a.overlap15,5693192,5693393,AT5G17300
vas_m1500p1_C2C2dof_AT2G28810_colamp_a.overlap15,26105860,26106061,AT5G65310
vas_m1500p1_C2C2dof_AT2G28810_colamp_a.overlap15,26811101,26811189,AT5G67190
vas_m1500p1_C2C2dof_At3g45610_col_a.overlap15,23092850,23092972,AT3G62420
vas_m1500p1_C2C2dof_At3g45610_col_a.overlap15,26105859,26106060,AT5G65310
vas_m1500p1_C2C2dof_At3g45610_col_a.overlap15,26811100,26811189,AT5G67190
vas_m1500p1_C2C2dof_At3g45610_colamp_a.overlap15,23092850,23092935,AT3G62420
vas_m1500p1_C2C2dof_At3g45610_colamp_a.overlap15,26105888,26106089,AT5G65310
vas_m1500p1_C2C2dof_At3g45610_colamp_a.overlap15,26811100,26811189,AT5G67190
vas_m1500p1_C2C2dof_AT3G52440_col_a.overlap15,26811099,26811189,AT5G67190
vas_m1500p1_C2C2dof_AT3G52440_colamp_a.overlap15,23092850,23092969,AT3G62420
vas_m1500p1_C2C2dof_AT3G52440_colamp_a.overlap15,26105885,26106086,AT5G65310
vas_m1500p1_C2C2dof_AT3G52440_colamp_a.overlap15,26810453,26810654,AT5G67190
vas_m1500p1_C2C2dof_AT3G52440_colamp_a.overlap15,26811097,26811189,AT5G67190
vas_m1500p1_C2C2dof_At4g38000_col_a.overlap15,5693191,5693392,AT5G17300
vas_m1500p1_C2C2dof_AT5G02460_col_a.overlap15,23092850,23092969,AT3G62420
vas_m1500p1_C2C2dof_AT5G02460_col_a.overlap15,5693264,5693465,AT5G17300
vas_m1500p1_C2C2dof_AT5G02460_col_a.overlap15,26104819,26105020,AT5G65310
vas_m1500p1_C2C2dof_AT5G02460_col_a.overlap15,26105856,26106057,AT5G65310
vas_m1500p1_C2C2dof_AT5G02460_col_a.overlap15,26810407,26810608,AT5G67190
vas_m1500p1_C2C2dof_AT5G02460_colamp_a.overlap15,23092850,23092915,AT3G62420
vas_m1500p1_C2C2dof_AT5G02460_colamp_a.overlap15,5693208,5693409,AT5G17300
vas_m1500p1_C2C2dof_AT5G02460_colamp_a.overlap15,26105818,26106019,AT5G65310
vas_m1500p1_C2C2dof_AT5G02460_colamp_a.overlap15,26810407,26810608,AT5G67190
vas_m1500p1_C2C2dof_At5g62940_col_a.overlap15,23092850,23092970,AT3G62420
vas_m1500p1_C2C2dof_At5g62940_col_a.overlap15,5693189,5693390,AT5G17300
vas_m1500p1_C2C2dof_At5g62940_col_a.overlap15,26105857,26106058,AT5G65310
vas_m1500p1_C2C2dof_At5g62940_col_a.overlap15,26810452,26810653,AT5G67190
vas_m1500p1_C2C2dof_At5g62940_col_a.overlap15,26811098,26811189,AT5G67190
vas_m1500p1_C2C2dof_AT5G66940_col_a.overlap15,23092850,23092970,AT3G62420
vas_m1500p1_C2C2dof_AT5G66940_col_a.overlap15,26105857,26106058,AT5G65310
vas_m1500p1_C2C2dof_AT5G66940_col_a.overlap15,26106104,26106114,AT5G65310
vas_m1500p1_C2C2dof_AT5G66940_colamp_a.overlap15,23092850,23092972,AT3G62420
vas_m1500p1_C2C2dof_CDF3_col_a.overlap15,26811103,26811189,AT5G67190
vas_m1500p1_C2C2dof_CDF3_colamp_a.overlap15,23092850,23092973,AT3G62420
vas_m1500p1_C2C2dof_CDF3_colamp_a.overlap15,26105860,26106061,AT5G65310
vas_m1500p1_C2C2dof_CDF3_colamp_a.overlap15,26811101,26811189,AT5G67190
vas_m1500p1_C2C2dof_COG1_col_a.overlap15,23092850,23092970,AT3G62420
vas_m1500p1_C2C2dof_DAG2_col_a.overlap15,23092850,23092971,AT3G62420
vas_m1500p1_C2C2dof_DAG2_col_a.overlap15,26105816,26106017,AT5G65310
vas_m1500p1_C2C2dof_DAG2_colamp_a.overlap15,23092850,23092971,AT3G62420
vas_m1500p1_C2C2dof_dof24_col_a.overlap15,23092850,23092973,AT3G62420
vas_m1500p1_C2C2dof_dof24_col_a.overlap15,5693260,5693461,AT5G17300
vas_m1500p1_C2C2dof_dof24_col_a.overlap15,26105889,26106090,AT5G65310
vas_m1500p1_C2C2dof_dof24_colamp_a.overlap15,23092850,23092914,AT3G62420
vas_m1500p1_C2C2dof_dof43_colamp_a.overlap15,23092850,23092914,AT3G62420
vas_m1500p1_C2C2dof_dof43_colamp_a.overlap15,5693189,5693390,AT5G17300
vas_m1500p1_C2C2dof_dof43_colamp_a.overlap15,26105886,26106087,AT5G65310
vas_m1500p1_C2C2dof_dof45_col_a.overlap15,23092850,23092974,AT3G62420
vas_m1500p1_C2C2dof_dof45_col_a.overlap15,26105861,26106062,AT5G65310
vas_m1500p1_C2C2dof_OBP1_col_a.overlap15,23092850,23092973,AT3G62420
vas_m1500p1_C2C2dof_OBP1_col_a.overlap15,26811101,26811189,AT5G67190
vas_m1500p1_C2C2dof_OBP3_col_a.overlap15,23092850,23092974,AT3G62420
vas_m1500p1_C2C2dof_OBP3_col_a.overlap15,26104824,26105025,AT5G65310
vas_m1500p1_C2C2dof_OBP3_col_a.overlap15,26105861,26106062,AT5G65310
vas_m1500p1_C2C2dof_OBP4_col_a.overlap15,26811142,26811189,AT5G67190
vas_m1500p1_C2C2dof_OBP4_colamp_a.overlap15,23092850,23092970,AT3G62420
vas_m1500p1_C2C2dof_OBP4_colamp_a.overlap15,26104820,26105021,AT5G65310
vas_m1500p1_C2C2dof_OBP4_colamp_a.overlap15,26105857,26106058,AT5G65310
vas_m1500p1_C2C2gata_GATA20_colamp_a.overlap15,5693508,5693709,AT5G17300
vas_m1500p1_C2H2_AT4G26030_col_a.overlap15,26811016,26811189,AT5G67190
vas_m1500p1_C2H2_AT5G22990_col_a.overlap15,18998986,18999187,AT2G46270
vas_m1500p1_C2H2_AT5G22990_col_a.overlap15,19000090,19000191,AT2G46270
vas_m1500p1_C2H2_At5g66730_col.overlap15,26811096,26811189,AT5G67190
vas_m1500p1_C2H2_At5g66730_colamp_a.overlap15,26811145,26811189,AT5G67190
vas_m1500p1_C2H2_AtIDD11_colamp_a.overlap15,26811146,26811189,AT5G67190
vas_m1500p1_C2H2_IDD4_col_a.overlap15,5692902,5692928,AT5G17300
vas_m1500p1_C2H2_IDD4_col_a.overlap15,26811147,26811189,AT5G67190
vas_m1500p1_C2H2_IDD5_colamp_a.overlap15,5694305,5694402,AT5G17300
vas_m1500p1_C2H2_IDD5_colamp_a.overlap15,26811097,26811189,AT5G67190
vas_m1500p1_C2H2_IDD7_col_a.overlap15,26811106,26811189,AT5G67190
vas_m1500p1_C2H2_JKD_col_a.overlap15,26811147,26811189,AT5G67190
vas_m1500p1_C2H2_MGP_colamp_a.overlap15,26811106,26811189,AT5G67190
vas_m1500p1_C2H2_SGR5_colamp_a.overlap15,26811103,26811189,AT5G67190
vas_m1500p1_C3H_AT3G12130_colamp_a.overlap15,23092850,23092972,AT3G62420
vas_m1500p1_C3H_AT5G63260_col_a.overlap15,23092850,23092970,AT3G62420
vas_m1500p1_C3H_AT5G63260_col_a.overlap15,26810452,26810653,AT5G67190
vas_m1500p1_C3H_AT5G63260_col_a.overlap15,26811140,26811189,AT5G67190
vas_m1500p1_C3H_AT5G63260_colamp_a.overlap15,23092850,23092972,AT3G62420
vas_m1500p1_CAMTA_CAMTA1_col_a.overlap15,18998847,18999048,AT2G46270
vas_m1500p1_CPP_AT2G20110_col_a.overlap15,5693102,5693303,AT5G17300
vas_m1500p1_CPP_AT2G20110_col_a.overlap15,26104855,26105056,AT5G65310
vas_m1500p1_CPP_AT2G20110_colamp_a.overlap15,5693099,5693300,AT5G17300
vas_m1500p1_CPP_AT2G20110_colamp_a.overlap15,5693703,5693904,AT5G17300
vas_m1500p1_CPP_AT2G20110_colamp_a.overlap15,5694222,5694402,AT5G17300
vas_m1500p1_CPP_AT2G20110_colamp_a.overlap15,26104861,26105062,AT5G65310
vas_m1500p1_CPP_SOL1_col.overlap15,5693098,5693299,AT5G17300
vas_m1500p1_CPP_SOL1_col.overlap15,26104863,26105064,AT5G65310
vas_m1500p1_CPP_SOL1_colamp_a.overlap15,5693075,5693276,AT5G17300
vas_m1500p1_CPP_SOL1_colamp_a.overlap15,5693711,5693912,AT5G17300
vas_m1500p1_CPP_SOL1_colamp_a.overlap15,26104845,26105046,AT5G65310
vas_m1500p1_CPP_TCX2_col_a.overlap15,5693113,5693314,AT5G17300
vas_m1500p1_CPP_TCX2_col_a.overlap15,26104846,26105047,AT5G65310
vas_m1500p1_CPP_TCX2_colamp_a.overlap15,5693100,5693301,AT5G17300
vas_m1500p1_CPP_TCX2_colamp_a.overlap15,5693725,5693926,AT5G17300
vas_m1500p1_CPP_TCX2_colamp_a.overlap15,26104846,26105047,AT5G65310
vas_m1500p1_CPP_TCX2_colamp_a.overlap15,26104893,26105094,AT5G65310
vas_m1500p1_G2like_At1g25550_col.overlap15,18999571,18999772,AT2G46270
vas_m1500p1_G2like_At1g25550_col.overlap15,23092960,23093161,AT3G62420
vas_m1500p1_G2like_At1g68670_col.overlap15,18999548,18999749,AT2G46270
vas_m1500p1_G2like_At1g68670_col.overlap15,23092959,23093160,AT3G62420
vas_m1500p1_G2like_At1g68670_colamp_a.overlap15,23092961,23093162,AT3G62420
vas_m1500p1_G2like_At2g01060_col.overlap15,18999534,18999735,AT2G46270
vas_m1500p1_G2like_At2g01060_col.overlap15,23092958,23093159,AT3G62420
vas_m1500p1_G2like_At2g03500_col_a.overlap15,18999714,18999915,AT2G46270
vas_m1500p1_G2like_At2g03500_col_a.overlap15,23092957,23093158,AT3G62420
vas_m1500p1_G2like_AT2G20400_colamp_a.overlap15,23092958,23093159,AT3G62420
vas_m1500p1_G2like_AT2G40260_colamp_a.overlap15,26811186,26811189,AT5G67190
vas_m1500p1_G2like_At3g04030_col_a.overlap15,18999548,18999749,AT2G46270
vas_m1500p1_G2like_At3g04030_col_a.overlap15,18999716,18999917,AT2G46270
vas_m1500p1_G2like_At3g04030_col_a.overlap15,23092960,23093161,AT3G62420
vas_m1500p1_G2like_At3g04030_colamp_a.overlap15,23092959,23093160,AT3G62420
vas_m1500p1_G2like_At3g12730_colamp_a.overlap15,23092959,23093160,AT3G62420
vas_m1500p1_G2like_At3g24120_col_a.overlap15,18999549,18999750,AT2G46270
vas_m1500p1_G2like_At3g24120_col_a.overlap15,18999714,18999915,AT2G46270
vas_m1500p1_G2like_At3g24120_col_a.overlap15,23092958,23093159,AT3G62420
vas_m1500p1_G2like_At3g24120_col_a.overlap15,5694147,5694348,AT5G17300
vas_m1500p1_G2like_At3g24120_col_a.overlap15,26811112,26811189,AT5G67190
vas_m1500p1_G2like_At3g24120_colamp_a.overlap15,18999548,18999749,AT2G46270
vas_m1500p1_G2like_At3g24120_colamp_a.overlap15,18999715,18999916,AT2G46270
vas_m1500p1_G2like_At3g24120_colamp_a.overlap15,23092959,23093160,AT3G62420
vas_m1500p1_G2like_At3g24120_colamp_a.overlap15,23094350,23094350,AT3G62420
vas_m1500p1_G2like_AT4G37180_col_a.overlap15,18999556,18999757,AT2G46270
vas_m1500p1_G2like_AT4G37180_col_a.overlap15,18999703,18999904,AT2G46270
vas_m1500p1_G2like_AT4G37180_col_a.overlap15,23092979,23093180,AT3G62420
vas_m1500p1_G2like_AT4G37180_col_a.overlap15,26810320,26810521,AT5G67190
vas_m1500p1_G2like_At5g29000_col_a.overlap15,18999557,18999758,AT2G46270
vas_m1500p1_G2like_At5g29000_col_a.overlap15,23092958,23093159,AT3G62420
vas_m1500p1_G2like_AT5G45580_col_a.overlap15,18999716,18999917,AT2G46270
vas_m1500p1_G2like_AT5G45580_col_a.overlap15,23092960,23093161,AT3G62420
vas_m1500p1_G2like_AT5G45580_col_a.overlap15,26811114,26811189,AT5G67190
vas_m1500p1_G2like_AT5G45580_colamp_a.overlap15,23092955,23093156,AT3G62420
vas_m1500p1_G2like_AT5G45580_colamp_a.overlap15,26811114,26811189,AT5G67190
vas_m1500p1_Homeobox_PDF2_col.overlap15,23092958,23093159,AT3G62420
vas_m1500p1_LOBAS2_LBD18_colamp_a.overlap15,5693497,5693698,AT5G17300
vas_m1500p1_LOBAS2_LBD19_col_a.overlap15,26104614,26104732,AT5G65310
vas_m1500p1_LOBAS2_LBD19_colamp_a.overlap15,19000051,19000191,AT2G46270
vas_m1500p1_LOBAS2_LBD19_colamp_a.overlap15,5692902,5693060,AT5G17300
vas_m1500p1_LOBAS2_LBD19_colamp_a.overlap15,26104614,26104797,AT5G65310
vas_m1500p1_LOBAS2_LBD19_colamp_a.overlap15,26809689,26809767,AT5G67190
vas_m1500p1_MADS_AGL63_col_a.overlap15,5693190,5693391,AT5G17300
vas_m1500p1_MADS_SVP_col_v3b.overlap15,5693190,5693391,AT5G17300
vas_m1500p1_MADS_SVP_col_v3b.overlap15,26810969,26811170,AT5G67190
vas_m1500p1_mTERF_AT5G23930_col_a.overlap15,26809689,26809779,AT5G67190
vas_m1500p1_MYB_ATY13_col_a.overlap15,26811024,26811189,AT5G67190
vas_m1500p1_MYB_MYB107_col_a.overlap15,26811016,26811189,AT5G67190
vas_m1500p1_MYB_MYB107_colamp_a.overlap15,26811016,26811189,AT5G67190
vas_m1500p1_MYB_MYB33_col_a.overlap15,23093108,23093309,AT3G62420
vas_m1500p1_MYB_MYB33_col_a.overlap15,26810793,26810994,AT5G67190
vas_m1500p1_MYB_MYB3R1_col_a.overlap15,18999016,18999217,AT2G46270
vas_m1500p1_MYB_MYB3R1_col_a.overlap15,18999370,18999571,AT2G46270
vas_m1500p1_MYB_MYB3R1_colamp_a.overlap15,18999346,18999547,AT2G46270
vas_m1500p1_MYB_MYB3R5_col_a.overlap15,18999368,18999569,AT2G46270
vas_m1500p1_MYB_MYB44_col.overlap15,18999014,18999215,AT2G46270
vas_m1500p1_MYB_MYB44_col.overlap15,18999347,18999548,AT2G46270
vas_m1500p1_MYB_MYB44_col.overlap15,26811045,26811189,AT5G67190
vas_m1500p1_MYB_MYB49_col_a.overlap15,26811015,26811189,AT5G67190
vas_m1500p1_MYB_MYB49_colamp_a.overlap15,26811016,26811189,AT5G67190
vas_m1500p1_MYB_MYB58_col_a.overlap15,26811042,26811189,AT5G67190
vas_m1500p1_MYB_MYB58_colamp_a.overlap15,26811015,26811189,AT5G67190
vas_m1500p1_MYB_MYB61_colamp_a.overlap15,26811014,26811189,AT5G67190
vas_m1500p1_MYB_MYB62_colamp_a.overlap15,26809689,26809717,AT5G67190
vas_m1500p1_MYB_MYB62_colamp_a.overlap15,26811027,26811189,AT5G67190
vas_m1500p1_MYB_MYB67_col_a.overlap15,26811043,26811189,AT5G67190
vas_m1500p1_MYB_MYB70_col_a.overlap15,18999371,18999572,AT2G46270
vas_m1500p1_MYB_MYB73_col_a.overlap15,18999361,18999562,AT2G46270
vas_m1500p1_MYB_MYB77_col_a.overlap15,18998980,18999181,AT2G46270
vas_m1500p1_MYB_MYB77_col_a.overlap15,18999345,18999546,AT2G46270
vas_m1500p1_MYB_MYB77_col_a.overlap15,23093098,23093299,AT3G62420
vas_m1500p1_MYB_MYB77_col_a.overlap15,26811043,26811189,AT5G67190
vas_m1500p1_MYB_MYB83_colamp_a.overlap15,23093703,23093904,AT3G62420
vas_m1500p1_MYB_MYB93_colamp_a.overlap15,26811020,26811189,AT5G67190
vas_m1500p1_MYBrelated_At1g19000_col_a.overlap15,23092850,23092930,AT3G62420
vas_m1500p1_MYBrelated_At1g19000_colamp_a.overlap15,23092850,23092931,AT3G62420
vas_m1500p1_MYBrelated_At1g49010_col_a.overlap15,23092850,23092930,AT3G62420
vas_m1500p1_MYBrelated_At1g49010_colamp_a.overlap15,23092850,23092928,AT3G62420
vas_m1500p1_MYBrelated_At1g74840_col100_a.overlap15,5693694,5693895,AT5G17300
vas_m1500p1_MYBrelated_At3g09600_col_a.overlap15,23094296,23094350,AT3G62420
vas_m1500p1_MYBrelated_At3g09600_col_a.overlap15,5693230,5693431,AT5G17300
vas_m1500p1_MYBrelated_At3g09600_col_a.overlap15,26810368,26810569,AT5G67190
vas_m1500p1_MYBrelated_At3g09600_colamp_a.overlap15,5693231,5693432,AT5G17300
vas_m1500p1_MYBrelated_At3g09600_colamp_a.overlap15,5693909,5694110,AT5G17300
vas_m1500p1_MYBrelated_At3g09600_colamp_a.overlap15,26105170,26105371,AT5G65310
vas_m1500p1_MYBrelated_At3g09600_colamp_a.overlap15,26810369,26810570,AT5G67190
vas_m1500p1_MYBrelated_AT3G10113_col_a.overlap15,23094297,23094350,AT3G62420
vas_m1500p1_MYBrelated_AT3G10113_col_a.overlap15,5693231,5693432,AT5G17300
vas_m1500p1_MYBrelated_AT3G10113_col_a.overlap15,5693909,5694110,AT5G17300
vas_m1500p1_MYBrelated_AT3G10113_col_a.overlap15,5694353,5694402,AT5G17300
vas_m1500p1_MYBrelated_AT3G10113_col_a.overlap15,26105170,26105371,AT5G65310
vas_m1500p1_MYBrelated_AT3G10113_col_a.overlap15,26810369,26810570,AT5G67190
vas_m1500p1_MYBrelated_At4g01280_col_a.overlap15,5693230,5693431,AT5G17300
vas_m1500p1_MYBrelated_At4g01280_col_a.overlap15,5693908,5694109,AT5G17300
vas_m1500p1_MYBrelated_At4g01280_colamp_a.overlap15,23093480,23093681,AT3G62420
vas_m1500p1_MYBrelated_At4g01280_colamp_a.overlap15,5693232,5693433,AT5G17300
vas_m1500p1_MYBrelated_At4g01280_colamp_a.overlap15,5693910,5694111,AT5G17300
vas_m1500p1_MYBrelated_At4g01280_colamp_a.overlap15,26105169,26105370,AT5G65310
vas_m1500p1_MYBrelated_At4g01280_colamp_a.overlap15,26810370,26810571,AT5G67190
vas_m1500p1_MYBrelated_At5g08520_col_b.overlap15,23092850,23092929,AT3G62420
vas_m1500p1_MYBrelated_At5g08520_colamp_a.overlap15,23092850,23092930,AT3G62420
vas_m1500p1_MYBrelated_At5g47390_col_b.overlap15,23092850,23092930,AT3G62420
vas_m1500p1_MYBrelated_At5g47390_col_b.overlap15,5693694,5693895,AT5G17300
vas_m1500p1_MYBrelated_At5g47390_col_b.overlap15,5693807,5694008,AT5G17300
vas_m1500p1_MYBrelated_At5g52660_col_a.overlap15,5693229,5693430,AT5G17300
vas_m1500p1_MYBrelated_At5g52660_col_a.overlap15,5694351,5694402,AT5G17300
vas_m1500p1_MYBrelated_At5g52660_colamp_a.overlap15,23094296,23094350,AT3G62420
vas_m1500p1_MYBrelated_At5g52660_colamp_a.overlap15,5693230,5693431,AT5G17300
vas_m1500p1_MYBrelated_At5g52660_colamp_a.overlap15,5693908,5694109,AT5G17300
vas_m1500p1_MYBrelated_At5g52660_colamp_a.overlap15,5694352,5694402,AT5G17300
vas_m1500p1_MYBrelated_At5g52660_colamp_a.overlap15,26810368,26810569,AT5G67190
vas_m1500p1_MYBrelated_AT5G56840_colamp_a.overlap15,5693211,5693412,AT5G17300
vas_m1500p1_MYBrelated_AT5G56840_colamp_a.overlap15,5693808,5694009,AT5G17300
vas_m1500p1_MYBrelated_At5g58900_colamp_a.overlap15,23092850,23092929,AT3G62420
vas_m1500p1_MYBrelated_AT5G61620_col_a.overlap15,5693809,5694010,AT5G17300
vas_m1500p1_MYBrelated_EPR1_col.overlap15,23092984,23093185,AT3G62420
vas_m1500p1_MYBrelated_EPR1_col.overlap15,23094296,23094350,AT3G62420
vas_m1500p1_MYBrelated_EPR1_col.overlap15,5693230,5693431,AT5G17300
vas_m1500p1_MYBrelated_EPR1_col.overlap15,26105171,26105372,AT5G65310
vas_m1500p1_MYBrelated_EPR1_col.overlap15,26810368,26810569,AT5G67190
vas_m1500p1_MYBrelated_EPR1_colamp_a.overlap15,23094296,23094350,AT3G62420
vas_m1500p1_MYBrelated_EPR1_colamp_a.overlap15,5693230,5693431,AT5G17300
vas_m1500p1_MYBrelated_EPR1_colamp_a.overlap15,5693645,5693846,AT5G17300
vas_m1500p1_MYBrelated_EPR1_colamp_a.overlap15,5693908,5694109,AT5G17300
vas_m1500p1_MYBrelated_EPR1_colamp_a.overlap15,5694352,5694402,AT5G17300
vas_m1500p1_MYBrelated_EPR1_colamp_a.overlap15,26105171,26105372,AT5G65310
vas_m1500p1_MYBrelated_EPR1_colamp_a.overlap15,26810368,26810569,AT5G67190
vas_m1500p1_MYBrelated_LHY1_col_a.overlap15,23094297,23094350,AT3G62420
vas_m1500p1_MYBrelated_LHY1_col_a.overlap15,5693231,5693432,AT5G17300
vas_m1500p1_MYBrelated_LHY1_col_a.overlap15,5693909,5694110,AT5G17300
vas_m1500p1_MYBrelated_LHY1_col_a.overlap15,26105170,26105371,AT5G65310
vas_m1500p1_MYBrelated_LHY1_col_a.overlap15,26810369,26810570,AT5G67190
vas_m1500p1_MYBrelated_LHY1_colamp_a.overlap15,23094297,23094350,AT3G62420
vas_m1500p1_MYBrelated_LHY1_colamp_a.overlap15,5693231,5693432,AT5G17300
vas_m1500p1_MYBrelated_LHY1_colamp_a.overlap15,5693909,5694110,AT5G17300
vas_m1500p1_MYBrelated_LHY1_colamp_a.overlap15,26810369,26810570,AT5G67190
vas_m1500p1_MYBrelated_RVE1_col_a.overlap15,23094297,23094350,AT3G62420
vas_m1500p1_MYBrelated_RVE1_col_a.overlap15,5693231,5693432,AT5G17300
vas_m1500p1_MYBrelated_RVE1_col_a.overlap15,5693909,5694110,AT5G17300
vas_m1500p1_MYBrelated_RVE1_col_a.overlap15,5694353,5694402,AT5G17300
vas_m1500p1_MYBrelated_RVE1_col_a.overlap15,26105170,26105371,AT5G65310
vas_m1500p1_MYBrelated_RVE1_col_a.overlap15,26810369,26810570,AT5G67190
vas_m1500p1_MYBrelated_RVE1_colamp_a.overlap15,5693909,5694110,AT5G17300
vas_m1500p1_MYBrelated_RVE1_colamp_a.overlap15,5694353,5694402,AT5G17300
vas_m1500p1_NAC_ANAC016_col_a.overlap15,5692974,5693175,AT5G17300
vas_m1500p1_NAC_ANAC020_col_v31.overlap15,18998691,18998824,AT2G46270
vas_m1500p1_NAC_ANAC028_col_a.overlap15,18998691,18998826,AT2G46270
vas_m1500p1_NAC_ANAC045_col_a.overlap15,18998691,18998835,AT2G46270
vas_m1500p1_NAC_ANAC046_colamp_a.overlap15,18999266,18999467,AT2G46270
vas_m1500p1_NAC_ANAC058_col_a.overlap15,23093220,23093421,AT3G62420
vas_m1500p1_NAC_ANAC070_col.overlap15,18998691,18998835,AT2G46270
vas_m1500p1_NAC_ANAC070_col.overlap15,23093180,23093381,AT3G62420
vas_m1500p1_NAC_ANAC070_colamp_a.overlap15,18998691,18998826,AT2G46270
vas_m1500p1_NAC_ANAC071_col_a.overlap15,18998691,18998828,AT2G46270
vas_m1500p1_NAC_ANAC071_col_a.overlap15,23093374,23093575,AT3G62420
vas_m1500p1_NAC_ANAC071_colamp_a.overlap15,18998691,18998840,AT2G46270
vas_m1500p1_NAC_ANAC083_col_v3a.overlap15,18998691,18998823,AT2G46270
vas_m1500p1_NAC_ANAC083_colamp_a.overlap15,18998691,18998822,AT2G46270
vas_m1500p1_NAC_ANAC092_colamp_a.overlap15,18999266,18999467,AT2G46270
vas_m1500p1_NAC_ANAC096_col.overlap15,18998691,18998827,AT2G46270
vas_m1500p1_NAC_NST1_col_v31.overlap15,18998691,18998832,AT2G46270
vas_m1500p1_NAC_NTM1_colamp_a.overlap15,23092850,23092915,AT3G62420
vas_m1500p1_NAC_SMB_col_a.overlap15,18998691,18998835,AT2G46270
vas_m1500p1_NAC_SMB_col_a.overlap15,23093168,23093369,AT3G62420
vas_m1500p1_NAC_SMB_colamp_a.overlap15,18998691,18998835,AT2G46270
vas_m1500p1_NAC_SMB_colamp_a.overlap15,23093166,23093367,AT3G62420
vas_m1500p1_NAC_SMB_colamp_a.overlap15,26811053,26811189,AT5G67190
vas_m1500p1_NAC_SND2_colamp_a.overlap15,18998691,18998837,AT2G46270
vas_m1500p1_NAC_SND2_colamp_a.overlap15,23093163,23093364,AT3G62420
vas_m1500p1_NAC_SND2_colamp_a.overlap15,23093383,23093584,AT3G62420
vas_m1500p1_NAC_SND2_colamp_a.overlap15,5692978,5693179,AT5G17300
vas_m1500p1_NAC_SND3_col_b.overlap15,18998691,18998834,AT2G46270
vas_m1500p1_NAC_SND3_col_b.overlap15,23093155,23093356,AT3G62420
vas_m1500p1_NAC_SND3_col_b.overlap15,23093385,23093586,AT3G62420
vas_m1500p1_NAC_SND3_col_b.overlap15,23094141,23094342,AT3G62420
vas_m1500p1_NAC_SND3_col_b.overlap15,5692980,5693181,AT5G17300
vas_m1500p1_NAC_SND3_colamp_a.overlap15,18998691,18998833,AT2G46270
vas_m1500p1_NAC_SND3_colamp_a.overlap15,23093158,23093359,AT3G62420
vas_m1500p1_NAC_SND3_colamp_a.overlap15,23093388,23093589,AT3G62420
vas_m1500p1_NAC_SND3_colamp_a.overlap15,23094153,23094350,AT3G62420
vas_m1500p1_NAC_SND3_colamp_a.overlap15,5692975,5693176,AT5G17300
vas_m1500p1_NAC_VND1_col_a.overlap15,18998691,18998833,AT2G46270
vas_m1500p1_NAC_VND2_col_a.overlap15,18998691,18998835,AT2G46270
vas_m1500p1_NAC_VND2_colamp_a.overlap15,18998691,18998831,AT2G46270
vas_m1500p1_NAC_VND2_colamp_a.overlap15,26811109,26811189,AT5G67190
vas_m1500p1_NAC_VND3_col.overlap15,18998691,18998822,AT2G46270
vas_m1500p1_NAC_VND3_colamp_a.overlap15,18998691,18998838,AT2G46270
vas_m1500p1_NAC_VND4_col.overlap15,18998691,18998829,AT2G46270
vas_m1500p1_NAC_VND4_colamp_a.overlap15,18998691,18998832,AT2G46270
vas_m1500p1_NAC_VND6_col_v31.overlap15,18998691,18998826,AT2G46270
vas_m1500p1_NAC_VND6_colamp_a.overlap15,18998691,18998824,AT2G46270
vas_m1500p1_ND_FRS9_col_a.overlap15,26104614,26104681,AT5G65310
vas_m1500p1_ND_FRS9_col_a.overlap15,26809689,26809843,AT5G67190
vas_m1500p1_Orphan_BBX31_col_a.overlap15,23092850,23092975,AT3G62420
vas_m1500p1_Orphan_BBX31_col_a.overlap15,26104825,26105026,AT5G65310
vas_m1500p1_Orphan_BBX31_col_a.overlap15,26105862,26106063,AT5G65310
vas_m1500p1_REM_REM19_colamp_a.overlap15,18999466,18999667,AT2G46270
vas_m1500p1_REM_REM19_colamp_a.overlap15,19000145,19000191,AT2G46270
vas_m1500p1_REM_REM19_colamp_a.overlap15,23094232,23094350,AT3G62420
vas_m1500p1_RWPRK_RKD2_colamp_a.overlap15,18999571,18999772,AT2G46270
vas_m1500p1_SBP_SPL1_col_a.overlap15,26810981,26811182,AT5G67190
vas_m1500p1_SBP_SPL1_colamp_a.overlap15,26810971,26811172,AT5G67190
vas_m1500p1_SBP_SPL1_colamp_a.overlap15,26811083,26811189,AT5G67190
vas_m1500p1_SBP_SPL15_colamp_a.overlap15,18999122,18999323,AT2G46270
vas_m1500p1_SBP_SPL15_colamp_a.overlap15,26810956,26811157,AT5G67190
vas_m1500p1_SBP_SPL15_colamp_a.overlap15,26811102,26811189,AT5G67190
vas_m1500p1_SBP_SPL5_colamp_a.overlap15,18999975,19000176,AT2G46270
vas_m1500p1_SBP_SPL5_colamp_a.overlap15,26810982,26811183,AT5G67190
vas_m1500p1_SBP_SPL9_col_a.overlap15,18999088,18999289,AT2G46270
vas_m1500p1_SBP_SPL9_col_a.overlap15,26811066,26811189,AT5G67190
vas_m1500p1_SBP_SPL9_colamp_a.overlap15,18999044,18999245,AT2G46270
vas_m1500p1_SBP_SPL9_colamp_a.overlap15,26810956,26811157,AT5G67190
vas_m1500p1_SBP_SPL9_colamp_a.overlap15,26811082,26811189,AT5G67190
vas_m1500p1_SRS_SRS7_colamp_a.overlap15,18998691,18998811,AT2G46270
vas_m1500p1_TCP_At1g69690_col_a.overlap15,18998783,18998984,AT2G46270
vas_m1500p1_TCP_At1g69690_col_a.overlap15,18999235,18999436,AT2G46270
vas_m1500p1_TCP_At1g72010_col.overlap15,18998785,18998986,AT2G46270
vas_m1500p1_TCP_At1g72010_col.overlap15,18999237,18999438,AT2G46270
vas_m1500p1_TCP_At1g72010_colamp_a.overlap15,18998785,18998986,AT2G46270
vas_m1500p1_TCP_At1g72010_colamp_a.overlap15,18999237,18999438,AT2G46270
vas_m1500p1_TCP_At5g08330_col_a.overlap15,18998784,18998985,AT2G46270
vas_m1500p1_TCP_At5g08330_col_a.overlap15,18999236,18999437,AT2G46270
vas_m1500p1_TCP_TCP20_col_a.overlap15,18998783,18998984,AT2G46270
vas_m1500p1_TCP_TCP20_col_a.overlap15,18999235,18999436,AT2G46270
vas_m1500p1_TCP_TCP24_col.overlap15,18998800,18999001,AT2G46270
vas_m1500p1_TCP_TCP24_col.overlap15,18999236,18999437,AT2G46270
vas_m1500p1_TCP_TCP3_col.overlap15,18998785,18998986,AT2G46270
vas_m1500p1_TCP_TCP3_col.overlap15,18999236,18999437,AT2G46270
vas_m1500p1_Trihelix_AT2G33550_colamp_a.overlap15,18998691,18998758,AT2G46270
vas_m1500p1_Trihelix_AT2G33550_colamp_a.overlap15,26810946,26811147,AT5G67190
vas_m1500p1_Trihelix_AT2G33550_colamp_a.overlap15,26811107,26811189,AT5G67190
vas_m1500p1_Trihelix_AT5G05550_col_a.overlap15,5692902,5692914,AT5G17300
vas_m1500p1_Trihelix_AT5G47660_colamp_a.overlap15,26105890,26106091,AT5G65310
vas_m1500p1_Trihelix_GT2_col_a.overlap15,26105810,26106011,AT5G65310
vas_m1500p1_Trihelix_GT2_col_a.overlap15,26105890,26106091,AT5G65310
vas_m1500p1_Trihelix_GT2_colamp_a.overlap15,26105890,26106091,AT5G65310
vas_m1500p1_Trihelix_GTL1_col_a.overlap15,26105889,26106090,AT5G65310
vas_m1500p1_Trihelix_GTL1_colamp_a.overlap15,26105890,26106091,AT5G65310
vas_m1500p1_WRKY_WRKY22_col.overlap15,26811054,26811189,AT5G67190
vas_m1500p1_WRKY_WRKY28_col_a.overlap15,26104614,26104634,AT5G65310
vas_m1500p1_ZFHD_ATHB23_col_b.overlap15,26105429,26105630,AT5G65310
vas_m1500p1_ZFHD_ATHB23_colamp_a.overlap15,26105383,26105584,AT5G65310
vas_m1500p1_ZFHD_ATHB25_colamp_a.overlap15,23093091,23093292,AT3G62420
vas_m1500p1_ZFHD_ATHB25_colamp_a.overlap15,26105425,26105626,AT5G65310
vas_m1500p1_ZFHD_AtHB32_col200_a.overlap15,18999721,18999922,AT2G46270
vas_m1500p1_ZFHD_AtHB32_col200_a.overlap15,5693717,5693918,AT5G17300
vas_m1500p1_ZFHD_ATHB33_col_a.overlap15,23093091,23093292,AT3G62420
vas_m1500p1_ZFHD_ATHB33_colamp_a.overlap15,23093008,23093209,AT3G62420
vas_m1500p1_ZFHD_ATHB34_colamp_a.overlap15,26105428,26105629,AT5G65310
